line,limit,basic_limit,increased_limits_factor
CA,100000,100000,1.0000
CA,250000,100000,1.3717
CA,500000,100000,1.6351
CA,1000000,100000,1.8579
CA,2000000,100000,2.0280
CA,3000000,100000,2.1025
CA,4000000,100000,2.1451
CA,5000000,100000,2.1727
CA,7500000,100000,2.2124
CA,10000000,100000,2.2334
CA,15000000,100000,2.2552
CA,20000000,100000,2.2661
GL,100000,100000,1.0000
GL,250000,100000,1.4519
GL,500000,100000,1.8142
GL,1000000,100000,2.1620
GL,2000000,100000,2.4689
GL,3000000,100000,2.6220
GL,4000000,100000,2.7174
GL,5000000,100000,2.7837
GL,7500000,100000,2.8874
GL,10000000,100000,2.9483
GL,15000000,100000,3.0180
GL,20000000,100000,3.0571
