occupancy,tiv_band_low,tiv_band_high,curve_c,curve_b,curve_g,damage_ratio,exposure_curve_value
Apartment,0,1000000,1.5,12.648011,4.220696,0.00,0.000000
Apartment,0,1000000,1.5,12.648011,4.220696,0.02,0.052888
Apartment,0,1000000,1.5,12.648011,4.220696,0.04,0.098639
Apartment,0,1000000,1.5,12.648011,4.220696,0.06,0.139192
Apartment,0,1000000,1.5,12.648011,4.220696,0.08,0.175795
Apartment,0,1000000,1.5,12.648011,4.220696,0.10,0.209297
Apartment,0,1000000,1.5,12.648011,4.220696,0.12,0.240303
Apartment,0,1000000,1.5,12.648011,4.220696,0.14,0.269258
Apartment,0,1000000,1.5,12.648011,4.220696,0.16,0.296501
Apartment,0,1000000,1.5,12.648011,4.220696,0.18,0.322295
Apartment,0,1000000,1.5,12.648011,4.220696,0.20,0.346847
Apartment,0,1000000,1.5,12.648011,4.220696,0.22,0.370325
Apartment,0,1000000,1.5,12.648011,4.220696,0.24,0.392865
Apartment,0,1000000,1.5,12.648011,4.220696,0.26,0.414582
Apartment,0,1000000,1.5,12.648011,4.220696,0.28,0.435569
Apartment,0,1000000,1.5,12.648011,4.220696,0.30,0.455907
Apartment,0,1000000,1.5,12.648011,4.220696,0.32,0.475665
Apartment,0,1000000,1.5,12.648011,4.220696,0.34,0.494900
Apartment,0,1000000,1.5,12.648011,4.220696,0.36,0.513664
Apartment,0,1000000,1.5,12.648011,4.220696,0.38,0.532000
Apartment,0,1000000,1.5,12.648011,4.220696,0.40,0.549949
Apartment,0,1000000,1.5,12.648011,4.220696,0.42,0.567543
Apartment,0,1000000,1.5,12.648011,4.220696,0.44,0.584814
Apartment,0,1000000,1.5,12.648011,4.220696,0.46,0.601787
Apartment,0,1000000,1.5,12.648011,4.220696,0.48,0.618488
Apartment,0,1000000,1.5,12.648011,4.220696,0.50,0.634937
Apartment,0,1000000,1.5,12.648011,4.220696,0.52,0.651154
Apartment,0,1000000,1.5,12.648011,4.220696,0.54,0.667156
Apartment,0,1000000,1.5,12.648011,4.220696,0.56,0.682960
Apartment,0,1000000,1.5,12.648011,4.220696,0.58,0.698579
Apartment,0,1000000,1.5,12.648011,4.220696,0.60,0.714027
Apartment,0,1000000,1.5,12.648011,4.220696,0.62,0.729315
Apartment,0,1000000,1.5,12.648011,4.220696,0.64,0.744455
Apartment,0,1000000,1.5,12.648011,4.220696,0.66,0.759456
Apartment,0,1000000,1.5,12.648011,4.220696,0.68,0.774328
Apartment,0,1000000,1.5,12.648011,4.220696,0.70,0.789080
Apartment,0,1000000,1.5,12.648011,4.220696,0.72,0.803718
Apartment,0,1000000,1.5,12.648011,4.220696,0.74,0.818250
Apartment,0,1000000,1.5,12.648011,4.220696,0.76,0.832683
Apartment,0,1000000,1.5,12.648011,4.220696,0.78,0.847023
Apartment,0,1000000,1.5,12.648011,4.220696,0.80,0.861275
Apartment,0,1000000,1.5,12.648011,4.220696,0.82,0.875446
Apartment,0,1000000,1.5,12.648011,4.220696,0.84,0.889539
Apartment,0,1000000,1.5,12.648011,4.220696,0.86,0.903560
Apartment,0,1000000,1.5,12.648011,4.220696,0.88,0.917512
Apartment,0,1000000,1.5,12.648011,4.220696,0.90,0.931401
Apartment,0,1000000,1.5,12.648011,4.220696,0.92,0.945228
Apartment,0,1000000,1.5,12.648011,4.220696,0.94,0.958999
Apartment,0,1000000,1.5,12.648011,4.220696,0.96,0.972716
Apartment,0,1000000,1.5,12.648011,4.220696,0.98,0.986382
Apartment,0,1000000,1.5,12.648011,4.220696,1.00,1.000000
Apartment,1000000,2500000,2.0,9.025013,7.690609,0.00,0.000000
Apartment,1000000,2500000,2.0,9.025013,7.690609,0.02,0.076551
Apartment,1000000,2500000,2.0,9.025013,7.690609,0.04,0.136541
Apartment,1000000,2500000,2.0,9.025013,7.690609,0.06,0.186263
Apartment,1000000,2500000,2.0,9.025013,7.690609,0.08,0.228993
Apartment,1000000,2500000,2.0,9.025013,7.690609,0.10,0.266660
Apartment,1000000,2500000,2.0,9.025013,7.690609,0.12,0.300493
Apartment,1000000,2500000,2.0,9.025013,7.690609,0.14,0.331322
Apartment,1000000,2500000,2.0,9.025013,7.690609,0.16,0.359739
Apartment,1000000,2500000,2.0,9.025013,7.690609,0.18,0.386176
Apartment,1000000,2500000,2.0,9.025013,7.690609,0.20,0.410961
Apartment,1000000,2500000,2.0,9.025013,7.690609,0.22,0.434348
Apartment,1000000,2500000,2.0,9.025013,7.690609,0.24,0.456536
Apartment,1000000,2500000,2.0,9.025013,7.690609,0.26,0.477689
Apartment,1000000,2500000,2.0,9.025013,7.690609,0.28,0.497935
Apartment,1000000,2500000,2.0,9.025013,7.690609,0.30,0.517386
Apartment,1000000,2500000,2.0,9.025013,7.690609,0.32,0.536131
Apartment,1000000,2500000,2.0,9.025013,7.690609,0.34,0.554246
Apartment,1000000,2500000,2.0,9.025013,7.690609,0.36,0.571799
Apartment,1000000,2500000,2.0,9.025013,7.690609,0.38,0.588844
Apartment,1000000,2500000,2.0,9.025013,7.690609,0.40,0.605430
Apartment,1000000,2500000,2.0,9.025013,7.690609,0.42,0.621599
Apartment,1000000,2500000,2.0,9.025013,7.690609,0.44,0.637390
Apartment,1000000,2500000,2.0,9.025013,7.690609,0.46,0.652833
Apartment,1000000,2500000,2.0,9.025013,7.690609,0.48,0.667958
Apartment,1000000,2500000,2.0,9.025013,7.690609,0.50,0.682792
Apartment,1000000,2500000,2.0,9.025013,7.690609,0.52,0.697356
Apartment,1000000,2500000,2.0,9.025013,7.690609,0.54,0.711671
Apartment,1000000,2500000,2.0,9.025013,7.690609,0.56,0.725757
Apartment,1000000,2500000,2.0,9.025013,7.690609,0.58,0.739629
Apartment,1000000,2500000,2.0,9.025013,7.690609,0.60,0.753302
Apartment,1000000,2500000,2.0,9.025013,7.690609,0.62,0.766792
Apartment,1000000,2500000,2.0,9.025013,7.690609,0.64,0.780109
Apartment,1000000,2500000,2.0,9.025013,7.690609,0.66,0.793266
Apartment,1000000,2500000,2.0,9.025013,7.690609,0.68,0.806273
Apartment,1000000,2500000,2.0,9.025013,7.690609,0.70,0.819139
Apartment,1000000,2500000,2.0,9.025013,7.690609,0.72,0.831875
Apartment,1000000,2500000,2.0,9.025013,7.690609,0.74,0.844486
Apartment,1000000,2500000,2.0,9.025013,7.690609,0.76,0.856982
Apartment,1000000,2500000,2.0,9.025013,7.690609,0.78,0.869369
Apartment,1000000,2500000,2.0,9.025013,7.690609,0.80,0.881654
Apartment,1000000,2500000,2.0,9.025013,7.690609,0.82,0.893842
Apartment,1000000,2500000,2.0,9.025013,7.690609,0.84,0.905939
Apartment,1000000,2500000,2.0,9.025013,7.690609,0.86,0.917951
Apartment,1000000,2500000,2.0,9.025013,7.690609,0.88,0.929882
Apartment,1000000,2500000,2.0,9.025013,7.690609,0.90,0.941736
Apartment,1000000,2500000,2.0,9.025013,7.690609,0.92,0.953518
Apartment,1000000,2500000,2.0,9.025013,7.690609,0.94,0.965232
Apartment,1000000,2500000,2.0,9.025013,7.690609,0.96,0.976882
Apartment,1000000,2500000,2.0,9.025013,7.690609,0.98,0.988470
Apartment,1000000,2500000,2.0,9.025013,7.690609,1.00,1.000000
Apartment,2500000,5000000,3.0,3.669297,30.569415,0.00,0.000000
Apartment,2500000,5000000,3.0,3.669297,30.569415,0.02,0.156889
Apartment,2500000,5000000,3.0,3.669297,30.569415,0.04,0.247944
Apartment,2500000,5000000,3.0,3.669297,30.569415,0.06,0.312862
Apartment,2500000,5000000,3.0,3.669297,30.569415,0.08,0.363647
Apartment,2500000,5000000,3.0,3.669297,30.569415,0.10,0.405560
Apartment,2500000,5000000,3.0,3.669297,30.569415,0.12,0.441382
Apartment,2500000,5000000,3.0,3.669297,30.569415,0.14,0.472764
Apartment,2500000,5000000,3.0,3.669297,30.569415,0.16,0.500767
Apartment,2500000,5000000,3.0,3.669297,30.569415,0.18,0.526110
Apartment,2500000,5000000,3.0,3.669297,30.569415,0.20,0.549308
Apartment,2500000,5000000,3.0,3.669297,30.569415,0.22,0.570738
Apartment,2500000,5000000,3.0,3.669297,30.569415,0.24,0.590688
Apartment,2500000,5000000,3.0,3.669297,30.569415,0.26,0.609379
Apartment,2500000,5000000,3.0,3.669297,30.569415,0.28,0.626989
Apartment,2500000,5000000,3.0,3.669297,30.569415,0.30,0.643658
Apartment,2500000,5000000,3.0,3.669297,30.569415,0.32,0.659503
Apartment,2500000,5000000,3.0,3.669297,30.569415,0.34,0.674620
Apartment,2500000,5000000,3.0,3.669297,30.569415,0.36,0.689088
Apartment,2500000,5000000,3.0,3.669297,30.569415,0.38,0.702977
Apartment,2500000,5000000,3.0,3.669297,30.569415,0.40,0.716344
Apartment,2500000,5000000,3.0,3.669297,30.569415,0.42,0.729239
Apartment,2500000,5000000,3.0,3.669297,30.569415,0.44,0.741705
Apartment,2500000,5000000,3.0,3.669297,30.569415,0.46,0.753779
Apartment,2500000,5000000,3.0,3.669297,30.569415,0.48,0.765495
Apartment,2500000,5000000,3.0,3.669297,30.569415,0.50,0.776881
Apartment,2500000,5000000,3.0,3.669297,30.569415,0.52,0.787964
Apartment,2500000,5000000,3.0,3.669297,30.569415,0.54,0.798766
Apartment,2500000,5000000,3.0,3.669297,30.569415,0.56,0.809308
Apartment,2500000,5000000,3.0,3.669297,30.569415,0.58,0.819609
Apartment,2500000,5000000,3.0,3.669297,30.569415,0.60,0.829684
Apartment,2500000,5000000,3.0,3.669297,30.569415,0.62,0.839550
Apartment,2500000,5000000,3.0,3.669297,30.569415,0.64,0.849219
Apartment,2500000,5000000,3.0,3.669297,30.569415,0.66,0.858705
Apartment,2500000,5000000,3.0,3.669297,30.569415,0.68,0.868018
Apartment,2500000,5000000,3.0,3.669297,30.569415,0.70,0.877169
Apartment,2500000,5000000,3.0,3.669297,30.569415,0.72,0.886167
Apartment,2500000,5000000,3.0,3.669297,30.569415,0.74,0.895021
Apartment,2500000,5000000,3.0,3.669297,30.569415,0.76,0.903739
Apartment,2500000,5000000,3.0,3.669297,30.569415,0.78,0.912328
Apartment,2500000,5000000,3.0,3.669297,30.569415,0.80,0.920796
Apartment,2500000,5000000,3.0,3.669297,30.569415,0.82,0.929149
Apartment,2500000,5000000,3.0,3.669297,30.569415,0.84,0.937393
Apartment,2500000,5000000,3.0,3.669297,30.569415,0.86,0.945533
Apartment,2500000,5000000,3.0,3.669297,30.569415,0.88,0.953574
Apartment,2500000,5000000,3.0,3.669297,30.569415,0.90,0.961522
Apartment,2500000,5000000,3.0,3.669297,30.569415,0.92,0.969380
Apartment,2500000,5000000,3.0,3.669297,30.569415,0.94,0.977153
Apartment,2500000,5000000,3.0,3.669297,30.569415,0.96,0.984845
Apartment,2500000,5000000,3.0,3.669297,30.569415,0.98,0.992459
Apartment,2500000,5000000,3.0,3.669297,30.569415,1.00,1.000000
Apartment,5000000,10000000,3.0,3.669297,30.569415,0.00,0.000000
Apartment,5000000,10000000,3.0,3.669297,30.569415,0.02,0.156889
Apartment,5000000,10000000,3.0,3.669297,30.569415,0.04,0.247944
Apartment,5000000,10000000,3.0,3.669297,30.569415,0.06,0.312862
Apartment,5000000,10000000,3.0,3.669297,30.569415,0.08,0.363647
Apartment,5000000,10000000,3.0,3.669297,30.569415,0.10,0.405560
Apartment,5000000,10000000,3.0,3.669297,30.569415,0.12,0.441382
Apartment,5000000,10000000,3.0,3.669297,30.569415,0.14,0.472764
Apartment,5000000,10000000,3.0,3.669297,30.569415,0.16,0.500767
Apartment,5000000,10000000,3.0,3.669297,30.569415,0.18,0.526110
Apartment,5000000,10000000,3.0,3.669297,30.569415,0.20,0.549308
Apartment,5000000,10000000,3.0,3.669297,30.569415,0.22,0.570738
Apartment,5000000,10000000,3.0,3.669297,30.569415,0.24,0.590688
Apartment,5000000,10000000,3.0,3.669297,30.569415,0.26,0.609379
Apartment,5000000,10000000,3.0,3.669297,30.569415,0.28,0.626989
Apartment,5000000,10000000,3.0,3.669297,30.569415,0.30,0.643658
Apartment,5000000,10000000,3.0,3.669297,30.569415,0.32,0.659503
Apartment,5000000,10000000,3.0,3.669297,30.569415,0.34,0.674620
Apartment,5000000,10000000,3.0,3.669297,30.569415,0.36,0.689088
Apartment,5000000,10000000,3.0,3.669297,30.569415,0.38,0.702977
Apartment,5000000,10000000,3.0,3.669297,30.569415,0.40,0.716344
Apartment,5000000,10000000,3.0,3.669297,30.569415,0.42,0.729239
Apartment,5000000,10000000,3.0,3.669297,30.569415,0.44,0.741705
Apartment,5000000,10000000,3.0,3.669297,30.569415,0.46,0.753779
Apartment,5000000,10000000,3.0,3.669297,30.569415,0.48,0.765495
Apartment,5000000,10000000,3.0,3.669297,30.569415,0.50,0.776881
Apartment,5000000,10000000,3.0,3.669297,30.569415,0.52,0.787964
Apartment,5000000,10000000,3.0,3.669297,30.569415,0.54,0.798766
Apartment,5000000,10000000,3.0,3.669297,30.569415,0.56,0.809308
Apartment,5000000,10000000,3.0,3.669297,30.569415,0.58,0.819609
Apartment,5000000,10000000,3.0,3.669297,30.569415,0.60,0.829684
Apartment,5000000,10000000,3.0,3.669297,30.569415,0.62,0.839550
Apartment,5000000,10000000,3.0,3.669297,30.569415,0.64,0.849219
Apartment,5000000,10000000,3.0,3.669297,30.569415,0.66,0.858705
Apartment,5000000,10000000,3.0,3.669297,30.569415,0.68,0.868018
Apartment,5000000,10000000,3.0,3.669297,30.569415,0.70,0.877169
Apartment,5000000,10000000,3.0,3.669297,30.569415,0.72,0.886167
Apartment,5000000,10000000,3.0,3.669297,30.569415,0.74,0.895021
Apartment,5000000,10000000,3.0,3.669297,30.569415,0.76,0.903739
Apartment,5000000,10000000,3.0,3.669297,30.569415,0.78,0.912328
Apartment,5000000,10000000,3.0,3.669297,30.569415,0.80,0.920796
Apartment,5000000,10000000,3.0,3.669297,30.569415,0.82,0.929149
Apartment,5000000,10000000,3.0,3.669297,30.569415,0.84,0.937393
Apartment,5000000,10000000,3.0,3.669297,30.569415,0.86,0.945533
Apartment,5000000,10000000,3.0,3.669297,30.569415,0.88,0.953574
Apartment,5000000,10000000,3.0,3.669297,30.569415,0.90,0.961522
Apartment,5000000,10000000,3.0,3.669297,30.569415,0.92,0.969380
Apartment,5000000,10000000,3.0,3.669297,30.569415,0.94,0.977153
Apartment,5000000,10000000,3.0,3.669297,30.569415,0.96,0.984845
Apartment,5000000,10000000,3.0,3.669297,30.569415,0.98,0.992459
Apartment,5000000,10000000,3.0,3.669297,30.569415,1.00,1.000000
Apartment,10000000,1000000000,4.0,1.105171,154.470015,0.00,0.000000
Apartment,10000000,1000000000,4.0,1.105171,154.470015,0.02,0.280614
Apartment,10000000,1000000000,4.0,1.105171,154.470015,0.04,0.391167
Apartment,10000000,1000000000,4.0,1.105171,154.470015,0.06,0.461344
Apartment,10000000,1000000000,4.0,1.105171,154.470015,0.08,0.512899
Apartment,10000000,1000000000,4.0,1.105171,154.470015,0.10,0.553689
Apartment,10000000,1000000000,4.0,1.105171,154.470015,0.12,0.587453
Apartment,10000000,1000000000,4.0,1.105171,154.470015,0.14,0.616268
Apartment,10000000,1000000000,4.0,1.105171,154.470015,0.16,0.641408
Apartment,10000000,1000000000,4.0,1.105171,154.470015,0.18,0.663711
Apartment,10000000,1000000000,4.0,1.105171,154.470015,0.20,0.683755
Apartment,10000000,1000000000,4.0,1.105171,154.470015,0.22,0.701961
Apartment,10000000,1000000000,4.0,1.105171,154.470015,0.24,0.718640
Apartment,10000000,1000000000,4.0,1.105171,154.470015,0.26,0.734030
Apartment,10000000,1000000000,4.0,1.105171,154.470015,0.28,0.748320
Apartment,10000000,1000000000,4.0,1.105171,154.470015,0.30,0.761657
Apartment,10000000,1000000000,4.0,1.105171,154.470015,0.32,0.774162
Apartment,10000000,1000000000,4.0,1.105171,154.470015,0.34,0.785935
Apartment,10000000,1000000000,4.0,1.105171,154.470015,0.36,0.797057
Apartment,10000000,1000000000,4.0,1.105171,154.470015,0.38,0.807599
Apartment,10000000,1000000000,4.0,1.105171,154.470015,0.40,0.817618
Apartment,10000000,1000000000,4.0,1.105171,154.470015,0.42,0.827164
Apartment,10000000,1000000000,4.0,1.105171,154.470015,0.44,0.836282
Apartment,10000000,1000000000,4.0,1.105171,154.470015,0.46,0.845009
Apartment,10000000,1000000000,4.0,1.105171,154.470015,0.48,0.853377
Apartment,10000000,1000000000,4.0,1.105171,154.470015,0.50,0.861416
Apartment,10000000,1000000000,4.0,1.105171,154.470015,0.52,0.869151
Apartment,10000000,1000000000,4.0,1.105171,154.470015,0.54,0.876605
Apartment,10000000,1000000000,4.0,1.105171,154.470015,0.56,0.883798
Apartment,10000000,1000000000,4.0,1.105171,154.470015,0.58,0.890748
Apartment,10000000,1000000000,4.0,1.105171,154.470015,0.60,0.897472
Apartment,10000000,1000000000,4.0,1.105171,154.470015,0.62,0.903983
Apartment,10000000,1000000000,4.0,1.105171,154.470015,0.64,0.910297
Apartment,10000000,1000000000,4.0,1.105171,154.470015,0.66,0.916423
Apartment,10000000,1000000000,4.0,1.105171,154.470015,0.68,0.922375
Apartment,10000000,1000000000,4.0,1.105171,154.470015,0.70,0.928161
Apartment,10000000,1000000000,4.0,1.105171,154.470015,0.72,0.933791
Apartment,10000000,1000000000,4.0,1.105171,154.470015,0.74,0.939274
Apartment,10000000,1000000000,4.0,1.105171,154.470015,0.76,0.944617
Apartment,10000000,1000000000,4.0,1.105171,154.470015,0.78,0.949827
Apartment,10000000,1000000000,4.0,1.105171,154.470015,0.80,0.954911
Apartment,10000000,1000000000,4.0,1.105171,154.470015,0.82,0.959876
Apartment,10000000,1000000000,4.0,1.105171,154.470015,0.84,0.964727
Apartment,10000000,1000000000,4.0,1.105171,154.470015,0.86,0.969469
Apartment,10000000,1000000000,4.0,1.105171,154.470015,0.88,0.974107
Apartment,10000000,1000000000,4.0,1.105171,154.470015,0.90,0.978647
Apartment,10000000,1000000000,4.0,1.105171,154.470015,0.92,0.983091
Apartment,10000000,1000000000,4.0,1.105171,154.470015,0.94,0.987445
Apartment,10000000,1000000000,4.0,1.105171,154.470015,0.96,0.991712
Apartment,10000000,1000000000,4.0,1.105171,154.470015,0.98,0.995896
Apartment,10000000,1000000000,4.0,1.105171,154.470015,1.00,1.000000
Office,0,1000000,2.0,9.025013,7.690609,0.00,0.000000
Office,0,1000000,2.0,9.025013,7.690609,0.02,0.076551
Office,0,1000000,2.0,9.025013,7.690609,0.04,0.136541
Office,0,1000000,2.0,9.025013,7.690609,0.06,0.186263
Office,0,1000000,2.0,9.025013,7.690609,0.08,0.228993
Office,0,1000000,2.0,9.025013,7.690609,0.10,0.266660
Office,0,1000000,2.0,9.025013,7.690609,0.12,0.300493
Office,0,1000000,2.0,9.025013,7.690609,0.14,0.331322
Office,0,1000000,2.0,9.025013,7.690609,0.16,0.359739
Office,0,1000000,2.0,9.025013,7.690609,0.18,0.386176
Office,0,1000000,2.0,9.025013,7.690609,0.20,0.410961
Office,0,1000000,2.0,9.025013,7.690609,0.22,0.434348
Office,0,1000000,2.0,9.025013,7.690609,0.24,0.456536
Office,0,1000000,2.0,9.025013,7.690609,0.26,0.477689
Office,0,1000000,2.0,9.025013,7.690609,0.28,0.497935
Office,0,1000000,2.0,9.025013,7.690609,0.30,0.517386
Office,0,1000000,2.0,9.025013,7.690609,0.32,0.536131
Office,0,1000000,2.0,9.025013,7.690609,0.34,0.554246
Office,0,1000000,2.0,9.025013,7.690609,0.36,0.571799
Office,0,1000000,2.0,9.025013,7.690609,0.38,0.588844
Office,0,1000000,2.0,9.025013,7.690609,0.40,0.605430
Office,0,1000000,2.0,9.025013,7.690609,0.42,0.621599
Office,0,1000000,2.0,9.025013,7.690609,0.44,0.637390
Office,0,1000000,2.0,9.025013,7.690609,0.46,0.652833
Office,0,1000000,2.0,9.025013,7.690609,0.48,0.667958
Office,0,1000000,2.0,9.025013,7.690609,0.50,0.682792
Office,0,1000000,2.0,9.025013,7.690609,0.52,0.697356
Office,0,1000000,2.0,9.025013,7.690609,0.54,0.711671
Office,0,1000000,2.0,9.025013,7.690609,0.56,0.725757
Office,0,1000000,2.0,9.025013,7.690609,0.58,0.739629
Office,0,1000000,2.0,9.025013,7.690609,0.60,0.753302
Office,0,1000000,2.0,9.025013,7.690609,0.62,0.766792
Office,0,1000000,2.0,9.025013,7.690609,0.64,0.780109
Office,0,1000000,2.0,9.025013,7.690609,0.66,0.793266
Office,0,1000000,2.0,9.025013,7.690609,0.68,0.806273
Office,0,1000000,2.0,9.025013,7.690609,0.70,0.819139
Office,0,1000000,2.0,9.025013,7.690609,0.72,0.831875
Office,0,1000000,2.0,9.025013,7.690609,0.74,0.844486
Office,0,1000000,2.0,9.025013,7.690609,0.76,0.856982
Office,0,1000000,2.0,9.025013,7.690609,0.78,0.869369
Office,0,1000000,2.0,9.025013,7.690609,0.80,0.881654
Office,0,1000000,2.0,9.025013,7.690609,0.82,0.893842
Office,0,1000000,2.0,9.025013,7.690609,0.84,0.905939
Office,0,1000000,2.0,9.025013,7.690609,0.86,0.917951
Office,0,1000000,2.0,9.025013,7.690609,0.88,0.929882
Office,0,1000000,2.0,9.025013,7.690609,0.90,0.941736
Office,0,1000000,2.0,9.025013,7.690609,0.92,0.953518
Office,0,1000000,2.0,9.025013,7.690609,0.94,0.965232
Office,0,1000000,2.0,9.025013,7.690609,0.96,0.976882
Office,0,1000000,2.0,9.025013,7.690609,0.98,0.988470
Office,0,1000000,2.0,9.025013,7.690609,1.00,1.000000
Office,1000000,2500000,3.0,3.669297,30.569415,0.00,0.000000
Office,1000000,2500000,3.0,3.669297,30.569415,0.02,0.156889
Office,1000000,2500000,3.0,3.669297,30.569415,0.04,0.247944
Office,1000000,2500000,3.0,3.669297,30.569415,0.06,0.312862
Office,1000000,2500000,3.0,3.669297,30.569415,0.08,0.363647
Office,1000000,2500000,3.0,3.669297,30.569415,0.10,0.405560
Office,1000000,2500000,3.0,3.669297,30.569415,0.12,0.441382
Office,1000000,2500000,3.0,3.669297,30.569415,0.14,0.472764
Office,1000000,2500000,3.0,3.669297,30.569415,0.16,0.500767
Office,1000000,2500000,3.0,3.669297,30.569415,0.18,0.526110
Office,1000000,2500000,3.0,3.669297,30.569415,0.20,0.549308
Office,1000000,2500000,3.0,3.669297,30.569415,0.22,0.570738
Office,1000000,2500000,3.0,3.669297,30.569415,0.24,0.590688
Office,1000000,2500000,3.0,3.669297,30.569415,0.26,0.609379
Office,1000000,2500000,3.0,3.669297,30.569415,0.28,0.626989
Office,1000000,2500000,3.0,3.669297,30.569415,0.30,0.643658
Office,1000000,2500000,3.0,3.669297,30.569415,0.32,0.659503
Office,1000000,2500000,3.0,3.669297,30.569415,0.34,0.674620
Office,1000000,2500000,3.0,3.669297,30.569415,0.36,0.689088
Office,1000000,2500000,3.0,3.669297,30.569415,0.38,0.702977
Office,1000000,2500000,3.0,3.669297,30.569415,0.40,0.716344
Office,1000000,2500000,3.0,3.669297,30.569415,0.42,0.729239
Office,1000000,2500000,3.0,3.669297,30.569415,0.44,0.741705
Office,1000000,2500000,3.0,3.669297,30.569415,0.46,0.753779
Office,1000000,2500000,3.0,3.669297,30.569415,0.48,0.765495
Office,1000000,2500000,3.0,3.669297,30.569415,0.50,0.776881
Office,1000000,2500000,3.0,3.669297,30.569415,0.52,0.787964
Office,1000000,2500000,3.0,3.669297,30.569415,0.54,0.798766
Office,1000000,2500000,3.0,3.669297,30.569415,0.56,0.809308
Office,1000000,2500000,3.0,3.669297,30.569415,0.58,0.819609
Office,1000000,2500000,3.0,3.669297,30.569415,0.60,0.829684
Office,1000000,2500000,3.0,3.669297,30.569415,0.62,0.839550
Office,1000000,2500000,3.0,3.669297,30.569415,0.64,0.849219
Office,1000000,2500000,3.0,3.669297,30.569415,0.66,0.858705
Office,1000000,2500000,3.0,3.669297,30.569415,0.68,0.868018
Office,1000000,2500000,3.0,3.669297,30.569415,0.70,0.877169
Office,1000000,2500000,3.0,3.669297,30.569415,0.72,0.886167
Office,1000000,2500000,3.0,3.669297,30.569415,0.74,0.895021
Office,1000000,2500000,3.0,3.669297,30.569415,0.76,0.903739
Office,1000000,2500000,3.0,3.669297,30.569415,0.78,0.912328
Office,1000000,2500000,3.0,3.669297,30.569415,0.80,0.920796
Office,1000000,2500000,3.0,3.669297,30.569415,0.82,0.929149
Office,1000000,2500000,3.0,3.669297,30.569415,0.84,0.937393
Office,1000000,2500000,3.0,3.669297,30.569415,0.86,0.945533
Office,1000000,2500000,3.0,3.669297,30.569415,0.88,0.953574
Office,1000000,2500000,3.0,3.669297,30.569415,0.90,0.961522
Office,1000000,2500000,3.0,3.669297,30.569415,0.92,0.969380
Office,1000000,2500000,3.0,3.669297,30.569415,0.94,0.977153
Office,1000000,2500000,3.0,3.669297,30.569415,0.96,0.984845
Office,1000000,2500000,3.0,3.669297,30.569415,0.98,0.992459
Office,1000000,2500000,3.0,3.669297,30.569415,1.00,1.000000
Office,2500000,5000000,3.0,3.669297,30.569415,0.00,0.000000
Office,2500000,5000000,3.0,3.669297,30.569415,0.02,0.156889
Office,2500000,5000000,3.0,3.669297,30.569415,0.04,0.247944
Office,2500000,5000000,3.0,3.669297,30.569415,0.06,0.312862
Office,2500000,5000000,3.0,3.669297,30.569415,0.08,0.363647
Office,2500000,5000000,3.0,3.669297,30.569415,0.10,0.405560
Office,2500000,5000000,3.0,3.669297,30.569415,0.12,0.441382
Office,2500000,5000000,3.0,3.669297,30.569415,0.14,0.472764
Office,2500000,5000000,3.0,3.669297,30.569415,0.16,0.500767
Office,2500000,5000000,3.0,3.669297,30.569415,0.18,0.526110
Office,2500000,5000000,3.0,3.669297,30.569415,0.20,0.549308
Office,2500000,5000000,3.0,3.669297,30.569415,0.22,0.570738
Office,2500000,5000000,3.0,3.669297,30.569415,0.24,0.590688
Office,2500000,5000000,3.0,3.669297,30.569415,0.26,0.609379
Office,2500000,5000000,3.0,3.669297,30.569415,0.28,0.626989
Office,2500000,5000000,3.0,3.669297,30.569415,0.30,0.643658
Office,2500000,5000000,3.0,3.669297,30.569415,0.32,0.659503
Office,2500000,5000000,3.0,3.669297,30.569415,0.34,0.674620
Office,2500000,5000000,3.0,3.669297,30.569415,0.36,0.689088
Office,2500000,5000000,3.0,3.669297,30.569415,0.38,0.702977
Office,2500000,5000000,3.0,3.669297,30.569415,0.40,0.716344
Office,2500000,5000000,3.0,3.669297,30.569415,0.42,0.729239
Office,2500000,5000000,3.0,3.669297,30.569415,0.44,0.741705
Office,2500000,5000000,3.0,3.669297,30.569415,0.46,0.753779
Office,2500000,5000000,3.0,3.669297,30.569415,0.48,0.765495
Office,2500000,5000000,3.0,3.669297,30.569415,0.50,0.776881
Office,2500000,5000000,3.0,3.669297,30.569415,0.52,0.787964
Office,2500000,5000000,3.0,3.669297,30.569415,0.54,0.798766
Office,2500000,5000000,3.0,3.669297,30.569415,0.56,0.809308
Office,2500000,5000000,3.0,3.669297,30.569415,0.58,0.819609
Office,2500000,5000000,3.0,3.669297,30.569415,0.60,0.829684
Office,2500000,5000000,3.0,3.669297,30.569415,0.62,0.839550
Office,2500000,5000000,3.0,3.669297,30.569415,0.64,0.849219
Office,2500000,5000000,3.0,3.669297,30.569415,0.66,0.858705
Office,2500000,5000000,3.0,3.669297,30.569415,0.68,0.868018
Office,2500000,5000000,3.0,3.669297,30.569415,0.70,0.877169
Office,2500000,5000000,3.0,3.669297,30.569415,0.72,0.886167
Office,2500000,5000000,3.0,3.669297,30.569415,0.74,0.895021
Office,2500000,5000000,3.0,3.669297,30.569415,0.76,0.903739
Office,2500000,5000000,3.0,3.669297,30.569415,0.78,0.912328
Office,2500000,5000000,3.0,3.669297,30.569415,0.80,0.920796
Office,2500000,5000000,3.0,3.669297,30.569415,0.82,0.929149
Office,2500000,5000000,3.0,3.669297,30.569415,0.84,0.937393
Office,2500000,5000000,3.0,3.669297,30.569415,0.86,0.945533
Office,2500000,5000000,3.0,3.669297,30.569415,0.88,0.953574
Office,2500000,5000000,3.0,3.669297,30.569415,0.90,0.961522
Office,2500000,5000000,3.0,3.669297,30.569415,0.92,0.969380
Office,2500000,5000000,3.0,3.669297,30.569415,0.94,0.977153
Office,2500000,5000000,3.0,3.669297,30.569415,0.96,0.984845
Office,2500000,5000000,3.0,3.669297,30.569415,0.98,0.992459
Office,2500000,5000000,3.0,3.669297,30.569415,1.00,1.000000
Office,5000000,10000000,4.0,1.105171,154.470015,0.00,0.000000
Office,5000000,10000000,4.0,1.105171,154.470015,0.02,0.280614
Office,5000000,10000000,4.0,1.105171,154.470015,0.04,0.391167
Office,5000000,10000000,4.0,1.105171,154.470015,0.06,0.461344
Office,5000000,10000000,4.0,1.105171,154.470015,0.08,0.512899
Office,5000000,10000000,4.0,1.105171,154.470015,0.10,0.553689
Office,5000000,10000000,4.0,1.105171,154.470015,0.12,0.587453
Office,5000000,10000000,4.0,1.105171,154.470015,0.14,0.616268
Office,5000000,10000000,4.0,1.105171,154.470015,0.16,0.641408
Office,5000000,10000000,4.0,1.105171,154.470015,0.18,0.663711
Office,5000000,10000000,4.0,1.105171,154.470015,0.20,0.683755
Office,5000000,10000000,4.0,1.105171,154.470015,0.22,0.701961
Office,5000000,10000000,4.0,1.105171,154.470015,0.24,0.718640
Office,5000000,10000000,4.0,1.105171,154.470015,0.26,0.734030
Office,5000000,10000000,4.0,1.105171,154.470015,0.28,0.748320
Office,5000000,10000000,4.0,1.105171,154.470015,0.30,0.761657
Office,5000000,10000000,4.0,1.105171,154.470015,0.32,0.774162
Office,5000000,10000000,4.0,1.105171,154.470015,0.34,0.785935
Office,5000000,10000000,4.0,1.105171,154.470015,0.36,0.797057
Office,5000000,10000000,4.0,1.105171,154.470015,0.38,0.807599
Office,5000000,10000000,4.0,1.105171,154.470015,0.40,0.817618
Office,5000000,10000000,4.0,1.105171,154.470015,0.42,0.827164
Office,5000000,10000000,4.0,1.105171,154.470015,0.44,0.836282
Office,5000000,10000000,4.0,1.105171,154.470015,0.46,0.845009
Office,5000000,10000000,4.0,1.105171,154.470015,0.48,0.853377
Office,5000000,10000000,4.0,1.105171,154.470015,0.50,0.861416
Office,5000000,10000000,4.0,1.105171,154.470015,0.52,0.869151
Office,5000000,10000000,4.0,1.105171,154.470015,0.54,0.876605
Office,5000000,10000000,4.0,1.105171,154.470015,0.56,0.883798
Office,5000000,10000000,4.0,1.105171,154.470015,0.58,0.890748
Office,5000000,10000000,4.0,1.105171,154.470015,0.60,0.897472
Office,5000000,10000000,4.0,1.105171,154.470015,0.62,0.903983
Office,5000000,10000000,4.0,1.105171,154.470015,0.64,0.910297
Office,5000000,10000000,4.0,1.105171,154.470015,0.66,0.916423
Office,5000000,10000000,4.0,1.105171,154.470015,0.68,0.922375
Office,5000000,10000000,4.0,1.105171,154.470015,0.70,0.928161
Office,5000000,10000000,4.0,1.105171,154.470015,0.72,0.933791
Office,5000000,10000000,4.0,1.105171,154.470015,0.74,0.939274
Office,5000000,10000000,4.0,1.105171,154.470015,0.76,0.944617
Office,5000000,10000000,4.0,1.105171,154.470015,0.78,0.949827
Office,5000000,10000000,4.0,1.105171,154.470015,0.80,0.954911
Office,5000000,10000000,4.0,1.105171,154.470015,0.82,0.959876
Office,5000000,10000000,4.0,1.105171,154.470015,0.84,0.964727
Office,5000000,10000000,4.0,1.105171,154.470015,0.86,0.969469
Office,5000000,10000000,4.0,1.105171,154.470015,0.88,0.974107
Office,5000000,10000000,4.0,1.105171,154.470015,0.90,0.978647
Office,5000000,10000000,4.0,1.105171,154.470015,0.92,0.983091
Office,5000000,10000000,4.0,1.105171,154.470015,0.94,0.987445
Office,5000000,10000000,4.0,1.105171,154.470015,0.96,0.991712
Office,5000000,10000000,4.0,1.105171,154.470015,0.98,0.995896
Office,5000000,10000000,4.0,1.105171,154.470015,1.00,1.000000
Office,10000000,1000000000,5.0,0.246597,992.274716,0.00,0.000000
Office,10000000,1000000000,5.0,0.246597,992.274716,0.02,0.417395
Office,10000000,1000000000,5.0,0.246597,992.274716,0.04,0.531637
Office,10000000,1000000000,5.0,0.246597,992.274716,0.06,0.599649
Office,10000000,1000000000,5.0,0.246597,992.274716,0.08,0.647834
Office,10000000,1000000000,5.0,0.246597,992.274716,0.10,0.684937
Office,10000000,1000000000,5.0,0.246597,992.274716,0.12,0.714952
Office,10000000,1000000000,5.0,0.246597,992.274716,0.14,0.740044
Office,10000000,1000000000,5.0,0.246597,992.274716,0.16,0.761514
Office,10000000,1000000000,5.0,0.246597,992.274716,0.18,0.780211
Office,10000000,1000000000,5.0,0.246597,992.274716,0.20,0.796716
Office,10000000,1000000000,5.0,0.246597,992.274716,0.22,0.811445
Office,10000000,1000000000,5.0,0.246597,992.274716,0.24,0.824707
Office,10000000,1000000000,5.0,0.246597,992.274716,0.26,0.836737
Office,10000000,1000000000,5.0,0.246597,992.274716,0.28,0.847718
Office,10000000,1000000000,5.0,0.246597,992.274716,0.30,0.857795
Office,10000000,1000000000,5.0,0.246597,992.274716,0.32,0.867086
Office,10000000,1000000000,5.0,0.246597,992.274716,0.34,0.875686
Office,10000000,1000000000,5.0,0.246597,992.274716,0.36,0.883677
Office,10000000,1000000000,5.0,0.246597,992.274716,0.38,0.891123
Office,10000000,1000000000,5.0,0.246597,992.274716,0.40,0.898083
Office,10000000,1000000000,5.0,0.246597,992.274716,0.42,0.904605
Office,10000000,1000000000,5.0,0.246597,992.274716,0.44,0.910730
Office,10000000,1000000000,5.0,0.246597,992.274716,0.46,0.916494
Office,10000000,1000000000,5.0,0.246597,992.274716,0.48,0.921929
Office,10000000,1000000000,5.0,0.246597,992.274716,0.50,0.927062
Office,10000000,1000000000,5.0,0.246597,992.274716,0.52,0.931919
Office,10000000,1000000000,5.0,0.246597,992.274716,0.54,0.936520
Office,10000000,1000000000,5.0,0.246597,992.274716,0.56,0.940885
Office,10000000,1000000000,5.0,0.246597,992.274716,0.58,0.945031
Office,10000000,1000000000,5.0,0.246597,992.274716,0.60,0.948975
Office,10000000,1000000000,5.0,0.246597,992.274716,0.62,0.952729
Office,10000000,1000000000,5.0,0.246597,992.274716,0.64,0.956306
Office,10000000,1000000000,5.0,0.246597,992.274716,0.66,0.959719
Office,10000000,1000000000,5.0,0.246597,992.274716,0.68,0.962977
Office,10000000,1000000000,5.0,0.246597,992.274716,0.70,0.966090
Office,10000000,1000000000,5.0,0.246597,992.274716,0.72,0.969067
Office,10000000,1000000000,5.0,0.246597,992.274716,0.74,0.971915
Office,10000000,1000000000,5.0,0.246597,992.274716,0.76,0.974643
Office,10000000,1000000000,5.0,0.246597,992.274716,0.78,0.977257
Office,10000000,1000000000,5.0,0.246597,992.274716,0.80,0.979763
Office,10000000,1000000000,5.0,0.246597,992.274716,0.82,0.982167
Office,10000000,1000000000,5.0,0.246597,992.274716,0.84,0.984475
Office,10000000,1000000000,5.0,0.246597,992.274716,0.86,0.986692
Office,10000000,1000000000,5.0,0.246597,992.274716,0.88,0.988821
Office,10000000,1000000000,5.0,0.246597,992.274716,0.90,0.990868
Office,10000000,1000000000,5.0,0.246597,992.274716,0.92,0.992837
Office,10000000,1000000000,5.0,0.246597,992.274716,0.94,0.994731
Office,10000000,1000000000,5.0,0.246597,992.274716,0.96,0.996554
Office,10000000,1000000000,5.0,0.246597,992.274716,0.98,0.998309
Office,10000000,1000000000,5.0,0.246597,992.274716,1.00,1.000000
Retail,0,1000000,2.0,9.025013,7.690609,0.00,0.000000
Retail,0,1000000,2.0,9.025013,7.690609,0.02,0.076551
Retail,0,1000000,2.0,9.025013,7.690609,0.04,0.136541
Retail,0,1000000,2.0,9.025013,7.690609,0.06,0.186263
Retail,0,1000000,2.0,9.025013,7.690609,0.08,0.228993
Retail,0,1000000,2.0,9.025013,7.690609,0.10,0.266660
Retail,0,1000000,2.0,9.025013,7.690609,0.12,0.300493
Retail,0,1000000,2.0,9.025013,7.690609,0.14,0.331322
Retail,0,1000000,2.0,9.025013,7.690609,0.16,0.359739
Retail,0,1000000,2.0,9.025013,7.690609,0.18,0.386176
Retail,0,1000000,2.0,9.025013,7.690609,0.20,0.410961
Retail,0,1000000,2.0,9.025013,7.690609,0.22,0.434348
Retail,0,1000000,2.0,9.025013,7.690609,0.24,0.456536
Retail,0,1000000,2.0,9.025013,7.690609,0.26,0.477689
Retail,0,1000000,2.0,9.025013,7.690609,0.28,0.497935
Retail,0,1000000,2.0,9.025013,7.690609,0.30,0.517386
Retail,0,1000000,2.0,9.025013,7.690609,0.32,0.536131
Retail,0,1000000,2.0,9.025013,7.690609,0.34,0.554246
Retail,0,1000000,2.0,9.025013,7.690609,0.36,0.571799
Retail,0,1000000,2.0,9.025013,7.690609,0.38,0.588844
Retail,0,1000000,2.0,9.025013,7.690609,0.40,0.605430
Retail,0,1000000,2.0,9.025013,7.690609,0.42,0.621599
Retail,0,1000000,2.0,9.025013,7.690609,0.44,0.637390
Retail,0,1000000,2.0,9.025013,7.690609,0.46,0.652833
Retail,0,1000000,2.0,9.025013,7.690609,0.48,0.667958
Retail,0,1000000,2.0,9.025013,7.690609,0.50,0.682792
Retail,0,1000000,2.0,9.025013,7.690609,0.52,0.697356
Retail,0,1000000,2.0,9.025013,7.690609,0.54,0.711671
Retail,0,1000000,2.0,9.025013,7.690609,0.56,0.725757
Retail,0,1000000,2.0,9.025013,7.690609,0.58,0.739629
Retail,0,1000000,2.0,9.025013,7.690609,0.60,0.753302
Retail,0,1000000,2.0,9.025013,7.690609,0.62,0.766792
Retail,0,1000000,2.0,9.025013,7.690609,0.64,0.780109
Retail,0,1000000,2.0,9.025013,7.690609,0.66,0.793266
Retail,0,1000000,2.0,9.025013,7.690609,0.68,0.806273
Retail,0,1000000,2.0,9.025013,7.690609,0.70,0.819139
Retail,0,1000000,2.0,9.025013,7.690609,0.72,0.831875
Retail,0,1000000,2.0,9.025013,7.690609,0.74,0.844486
Retail,0,1000000,2.0,9.025013,7.690609,0.76,0.856982
Retail,0,1000000,2.0,9.025013,7.690609,0.78,0.869369
Retail,0,1000000,2.0,9.025013,7.690609,0.80,0.881654
Retail,0,1000000,2.0,9.025013,7.690609,0.82,0.893842
Retail,0,1000000,2.0,9.025013,7.690609,0.84,0.905939
Retail,0,1000000,2.0,9.025013,7.690609,0.86,0.917951
Retail,0,1000000,2.0,9.025013,7.690609,0.88,0.929882
Retail,0,1000000,2.0,9.025013,7.690609,0.90,0.941736
Retail,0,1000000,2.0,9.025013,7.690609,0.92,0.953518
Retail,0,1000000,2.0,9.025013,7.690609,0.94,0.965232
Retail,0,1000000,2.0,9.025013,7.690609,0.96,0.976882
Retail,0,1000000,2.0,9.025013,7.690609,0.98,0.988470
Retail,0,1000000,2.0,9.025013,7.690609,1.00,1.000000
Retail,1000000,2500000,3.0,3.669297,30.569415,0.00,0.000000
Retail,1000000,2500000,3.0,3.669297,30.569415,0.02,0.156889
Retail,1000000,2500000,3.0,3.669297,30.569415,0.04,0.247944
Retail,1000000,2500000,3.0,3.669297,30.569415,0.06,0.312862
Retail,1000000,2500000,3.0,3.669297,30.569415,0.08,0.363647
Retail,1000000,2500000,3.0,3.669297,30.569415,0.10,0.405560
Retail,1000000,2500000,3.0,3.669297,30.569415,0.12,0.441382
Retail,1000000,2500000,3.0,3.669297,30.569415,0.14,0.472764
Retail,1000000,2500000,3.0,3.669297,30.569415,0.16,0.500767
Retail,1000000,2500000,3.0,3.669297,30.569415,0.18,0.526110
Retail,1000000,2500000,3.0,3.669297,30.569415,0.20,0.549308
Retail,1000000,2500000,3.0,3.669297,30.569415,0.22,0.570738
Retail,1000000,2500000,3.0,3.669297,30.569415,0.24,0.590688
Retail,1000000,2500000,3.0,3.669297,30.569415,0.26,0.609379
Retail,1000000,2500000,3.0,3.669297,30.569415,0.28,0.626989
Retail,1000000,2500000,3.0,3.669297,30.569415,0.30,0.643658
Retail,1000000,2500000,3.0,3.669297,30.569415,0.32,0.659503
Retail,1000000,2500000,3.0,3.669297,30.569415,0.34,0.674620
Retail,1000000,2500000,3.0,3.669297,30.569415,0.36,0.689088
Retail,1000000,2500000,3.0,3.669297,30.569415,0.38,0.702977
Retail,1000000,2500000,3.0,3.669297,30.569415,0.40,0.716344
Retail,1000000,2500000,3.0,3.669297,30.569415,0.42,0.729239
Retail,1000000,2500000,3.0,3.669297,30.569415,0.44,0.741705
Retail,1000000,2500000,3.0,3.669297,30.569415,0.46,0.753779
Retail,1000000,2500000,3.0,3.669297,30.569415,0.48,0.765495
Retail,1000000,2500000,3.0,3.669297,30.569415,0.50,0.776881
Retail,1000000,2500000,3.0,3.669297,30.569415,0.52,0.787964
Retail,1000000,2500000,3.0,3.669297,30.569415,0.54,0.798766
Retail,1000000,2500000,3.0,3.669297,30.569415,0.56,0.809308
Retail,1000000,2500000,3.0,3.669297,30.569415,0.58,0.819609
Retail,1000000,2500000,3.0,3.669297,30.569415,0.60,0.829684
Retail,1000000,2500000,3.0,3.669297,30.569415,0.62,0.839550
Retail,1000000,2500000,3.0,3.669297,30.569415,0.64,0.849219
Retail,1000000,2500000,3.0,3.669297,30.569415,0.66,0.858705
Retail,1000000,2500000,3.0,3.669297,30.569415,0.68,0.868018
Retail,1000000,2500000,3.0,3.669297,30.569415,0.70,0.877169
Retail,1000000,2500000,3.0,3.669297,30.569415,0.72,0.886167
Retail,1000000,2500000,3.0,3.669297,30.569415,0.74,0.895021
Retail,1000000,2500000,3.0,3.669297,30.569415,0.76,0.903739
Retail,1000000,2500000,3.0,3.669297,30.569415,0.78,0.912328
Retail,1000000,2500000,3.0,3.669297,30.569415,0.80,0.920796
Retail,1000000,2500000,3.0,3.669297,30.569415,0.82,0.929149
Retail,1000000,2500000,3.0,3.669297,30.569415,0.84,0.937393
Retail,1000000,2500000,3.0,3.669297,30.569415,0.86,0.945533
Retail,1000000,2500000,3.0,3.669297,30.569415,0.88,0.953574
Retail,1000000,2500000,3.0,3.669297,30.569415,0.90,0.961522
Retail,1000000,2500000,3.0,3.669297,30.569415,0.92,0.969380
Retail,1000000,2500000,3.0,3.669297,30.569415,0.94,0.977153
Retail,1000000,2500000,3.0,3.669297,30.569415,0.96,0.984845
Retail,1000000,2500000,3.0,3.669297,30.569415,0.98,0.992459
Retail,1000000,2500000,3.0,3.669297,30.569415,1.00,1.000000
Retail,2500000,5000000,3.0,3.669297,30.569415,0.00,0.000000
Retail,2500000,5000000,3.0,3.669297,30.569415,0.02,0.156889
Retail,2500000,5000000,3.0,3.669297,30.569415,0.04,0.247944
Retail,2500000,5000000,3.0,3.669297,30.569415,0.06,0.312862
Retail,2500000,5000000,3.0,3.669297,30.569415,0.08,0.363647
Retail,2500000,5000000,3.0,3.669297,30.569415,0.10,0.405560
Retail,2500000,5000000,3.0,3.669297,30.569415,0.12,0.441382
Retail,2500000,5000000,3.0,3.669297,30.569415,0.14,0.472764
Retail,2500000,5000000,3.0,3.669297,30.569415,0.16,0.500767
Retail,2500000,5000000,3.0,3.669297,30.569415,0.18,0.526110
Retail,2500000,5000000,3.0,3.669297,30.569415,0.20,0.549308
Retail,2500000,5000000,3.0,3.669297,30.569415,0.22,0.570738
Retail,2500000,5000000,3.0,3.669297,30.569415,0.24,0.590688
Retail,2500000,5000000,3.0,3.669297,30.569415,0.26,0.609379
Retail,2500000,5000000,3.0,3.669297,30.569415,0.28,0.626989
Retail,2500000,5000000,3.0,3.669297,30.569415,0.30,0.643658
Retail,2500000,5000000,3.0,3.669297,30.569415,0.32,0.659503
Retail,2500000,5000000,3.0,3.669297,30.569415,0.34,0.674620
Retail,2500000,5000000,3.0,3.669297,30.569415,0.36,0.689088
Retail,2500000,5000000,3.0,3.669297,30.569415,0.38,0.702977
Retail,2500000,5000000,3.0,3.669297,30.569415,0.40,0.716344
Retail,2500000,5000000,3.0,3.669297,30.569415,0.42,0.729239
Retail,2500000,5000000,3.0,3.669297,30.569415,0.44,0.741705
Retail,2500000,5000000,3.0,3.669297,30.569415,0.46,0.753779
Retail,2500000,5000000,3.0,3.669297,30.569415,0.48,0.765495
Retail,2500000,5000000,3.0,3.669297,30.569415,0.50,0.776881
Retail,2500000,5000000,3.0,3.669297,30.569415,0.52,0.787964
Retail,2500000,5000000,3.0,3.669297,30.569415,0.54,0.798766
Retail,2500000,5000000,3.0,3.669297,30.569415,0.56,0.809308
Retail,2500000,5000000,3.0,3.669297,30.569415,0.58,0.819609
Retail,2500000,5000000,3.0,3.669297,30.569415,0.60,0.829684
Retail,2500000,5000000,3.0,3.669297,30.569415,0.62,0.839550
Retail,2500000,5000000,3.0,3.669297,30.569415,0.64,0.849219
Retail,2500000,5000000,3.0,3.669297,30.569415,0.66,0.858705
Retail,2500000,5000000,3.0,3.669297,30.569415,0.68,0.868018
Retail,2500000,5000000,3.0,3.669297,30.569415,0.70,0.877169
Retail,2500000,5000000,3.0,3.669297,30.569415,0.72,0.886167
Retail,2500000,5000000,3.0,3.669297,30.569415,0.74,0.895021
Retail,2500000,5000000,3.0,3.669297,30.569415,0.76,0.903739
Retail,2500000,5000000,3.0,3.669297,30.569415,0.78,0.912328
Retail,2500000,5000000,3.0,3.669297,30.569415,0.80,0.920796
Retail,2500000,5000000,3.0,3.669297,30.569415,0.82,0.929149
Retail,2500000,5000000,3.0,3.669297,30.569415,0.84,0.937393
Retail,2500000,5000000,3.0,3.669297,30.569415,0.86,0.945533
Retail,2500000,5000000,3.0,3.669297,30.569415,0.88,0.953574
Retail,2500000,5000000,3.0,3.669297,30.569415,0.90,0.961522
Retail,2500000,5000000,3.0,3.669297,30.569415,0.92,0.969380
Retail,2500000,5000000,3.0,3.669297,30.569415,0.94,0.977153
Retail,2500000,5000000,3.0,3.669297,30.569415,0.96,0.984845
Retail,2500000,5000000,3.0,3.669297,30.569415,0.98,0.992459
Retail,2500000,5000000,3.0,3.669297,30.569415,1.00,1.000000
Retail,5000000,10000000,4.0,1.105171,154.470015,0.00,0.000000
Retail,5000000,10000000,4.0,1.105171,154.470015,0.02,0.280614
Retail,5000000,10000000,4.0,1.105171,154.470015,0.04,0.391167
Retail,5000000,10000000,4.0,1.105171,154.470015,0.06,0.461344
Retail,5000000,10000000,4.0,1.105171,154.470015,0.08,0.512899
Retail,5000000,10000000,4.0,1.105171,154.470015,0.10,0.553689
Retail,5000000,10000000,4.0,1.105171,154.470015,0.12,0.587453
Retail,5000000,10000000,4.0,1.105171,154.470015,0.14,0.616268
Retail,5000000,10000000,4.0,1.105171,154.470015,0.16,0.641408
Retail,5000000,10000000,4.0,1.105171,154.470015,0.18,0.663711
Retail,5000000,10000000,4.0,1.105171,154.470015,0.20,0.683755
Retail,5000000,10000000,4.0,1.105171,154.470015,0.22,0.701961
Retail,5000000,10000000,4.0,1.105171,154.470015,0.24,0.718640
Retail,5000000,10000000,4.0,1.105171,154.470015,0.26,0.734030
Retail,5000000,10000000,4.0,1.105171,154.470015,0.28,0.748320
Retail,5000000,10000000,4.0,1.105171,154.470015,0.30,0.761657
Retail,5000000,10000000,4.0,1.105171,154.470015,0.32,0.774162
Retail,5000000,10000000,4.0,1.105171,154.470015,0.34,0.785935
Retail,5000000,10000000,4.0,1.105171,154.470015,0.36,0.797057
Retail,5000000,10000000,4.0,1.105171,154.470015,0.38,0.807599
Retail,5000000,10000000,4.0,1.105171,154.470015,0.40,0.817618
Retail,5000000,10000000,4.0,1.105171,154.470015,0.42,0.827164
Retail,5000000,10000000,4.0,1.105171,154.470015,0.44,0.836282
Retail,5000000,10000000,4.0,1.105171,154.470015,0.46,0.845009
Retail,5000000,10000000,4.0,1.105171,154.470015,0.48,0.853377
Retail,5000000,10000000,4.0,1.105171,154.470015,0.50,0.861416
Retail,5000000,10000000,4.0,1.105171,154.470015,0.52,0.869151
Retail,5000000,10000000,4.0,1.105171,154.470015,0.54,0.876605
Retail,5000000,10000000,4.0,1.105171,154.470015,0.56,0.883798
Retail,5000000,10000000,4.0,1.105171,154.470015,0.58,0.890748
Retail,5000000,10000000,4.0,1.105171,154.470015,0.60,0.897472
Retail,5000000,10000000,4.0,1.105171,154.470015,0.62,0.903983
Retail,5000000,10000000,4.0,1.105171,154.470015,0.64,0.910297
Retail,5000000,10000000,4.0,1.105171,154.470015,0.66,0.916423
Retail,5000000,10000000,4.0,1.105171,154.470015,0.68,0.922375
Retail,5000000,10000000,4.0,1.105171,154.470015,0.70,0.928161
Retail,5000000,10000000,4.0,1.105171,154.470015,0.72,0.933791
Retail,5000000,10000000,4.0,1.105171,154.470015,0.74,0.939274
Retail,5000000,10000000,4.0,1.105171,154.470015,0.76,0.944617
Retail,5000000,10000000,4.0,1.105171,154.470015,0.78,0.949827
Retail,5000000,10000000,4.0,1.105171,154.470015,0.80,0.954911
Retail,5000000,10000000,4.0,1.105171,154.470015,0.82,0.959876
Retail,5000000,10000000,4.0,1.105171,154.470015,0.84,0.964727
Retail,5000000,10000000,4.0,1.105171,154.470015,0.86,0.969469
Retail,5000000,10000000,4.0,1.105171,154.470015,0.88,0.974107
Retail,5000000,10000000,4.0,1.105171,154.470015,0.90,0.978647
Retail,5000000,10000000,4.0,1.105171,154.470015,0.92,0.983091
Retail,5000000,10000000,4.0,1.105171,154.470015,0.94,0.987445
Retail,5000000,10000000,4.0,1.105171,154.470015,0.96,0.991712
Retail,5000000,10000000,4.0,1.105171,154.470015,0.98,0.995896
Retail,5000000,10000000,4.0,1.105171,154.470015,1.00,1.000000
Retail,10000000,1000000000,5.0,0.246597,992.274716,0.00,0.000000
Retail,10000000,1000000000,5.0,0.246597,992.274716,0.02,0.417395
Retail,10000000,1000000000,5.0,0.246597,992.274716,0.04,0.531637
Retail,10000000,1000000000,5.0,0.246597,992.274716,0.06,0.599649
Retail,10000000,1000000000,5.0,0.246597,992.274716,0.08,0.647834
Retail,10000000,1000000000,5.0,0.246597,992.274716,0.10,0.684937
Retail,10000000,1000000000,5.0,0.246597,992.274716,0.12,0.714952
Retail,10000000,1000000000,5.0,0.246597,992.274716,0.14,0.740044
Retail,10000000,1000000000,5.0,0.246597,992.274716,0.16,0.761514
Retail,10000000,1000000000,5.0,0.246597,992.274716,0.18,0.780211
Retail,10000000,1000000000,5.0,0.246597,992.274716,0.20,0.796716
Retail,10000000,1000000000,5.0,0.246597,992.274716,0.22,0.811445
Retail,10000000,1000000000,5.0,0.246597,992.274716,0.24,0.824707
Retail,10000000,1000000000,5.0,0.246597,992.274716,0.26,0.836737
Retail,10000000,1000000000,5.0,0.246597,992.274716,0.28,0.847718
Retail,10000000,1000000000,5.0,0.246597,992.274716,0.30,0.857795
Retail,10000000,1000000000,5.0,0.246597,992.274716,0.32,0.867086
Retail,10000000,1000000000,5.0,0.246597,992.274716,0.34,0.875686
Retail,10000000,1000000000,5.0,0.246597,992.274716,0.36,0.883677
Retail,10000000,1000000000,5.0,0.246597,992.274716,0.38,0.891123
Retail,10000000,1000000000,5.0,0.246597,992.274716,0.40,0.898083
Retail,10000000,1000000000,5.0,0.246597,992.274716,0.42,0.904605
Retail,10000000,1000000000,5.0,0.246597,992.274716,0.44,0.910730
Retail,10000000,1000000000,5.0,0.246597,992.274716,0.46,0.916494
Retail,10000000,1000000000,5.0,0.246597,992.274716,0.48,0.921929
Retail,10000000,1000000000,5.0,0.246597,992.274716,0.50,0.927062
Retail,10000000,1000000000,5.0,0.246597,992.274716,0.52,0.931919
Retail,10000000,1000000000,5.0,0.246597,992.274716,0.54,0.936520
Retail,10000000,1000000000,5.0,0.246597,992.274716,0.56,0.940885
Retail,10000000,1000000000,5.0,0.246597,992.274716,0.58,0.945031
Retail,10000000,1000000000,5.0,0.246597,992.274716,0.60,0.948975
Retail,10000000,1000000000,5.0,0.246597,992.274716,0.62,0.952729
Retail,10000000,1000000000,5.0,0.246597,992.274716,0.64,0.956306
Retail,10000000,1000000000,5.0,0.246597,992.274716,0.66,0.959719
Retail,10000000,1000000000,5.0,0.246597,992.274716,0.68,0.962977
Retail,10000000,1000000000,5.0,0.246597,992.274716,0.70,0.966090
Retail,10000000,1000000000,5.0,0.246597,992.274716,0.72,0.969067
Retail,10000000,1000000000,5.0,0.246597,992.274716,0.74,0.971915
Retail,10000000,1000000000,5.0,0.246597,992.274716,0.76,0.974643
Retail,10000000,1000000000,5.0,0.246597,992.274716,0.78,0.977257
Retail,10000000,1000000000,5.0,0.246597,992.274716,0.80,0.979763
Retail,10000000,1000000000,5.0,0.246597,992.274716,0.82,0.982167
Retail,10000000,1000000000,5.0,0.246597,992.274716,0.84,0.984475
Retail,10000000,1000000000,5.0,0.246597,992.274716,0.86,0.986692
Retail,10000000,1000000000,5.0,0.246597,992.274716,0.88,0.988821
Retail,10000000,1000000000,5.0,0.246597,992.274716,0.90,0.990868
Retail,10000000,1000000000,5.0,0.246597,992.274716,0.92,0.992837
Retail,10000000,1000000000,5.0,0.246597,992.274716,0.94,0.994731
Retail,10000000,1000000000,5.0,0.246597,992.274716,0.96,0.996554
Retail,10000000,1000000000,5.0,0.246597,992.274716,0.98,0.998309
Retail,10000000,1000000000,5.0,0.246597,992.274716,1.00,1.000000
Restaurant,0,1000000,2.0,9.025013,7.690609,0.00,0.000000
Restaurant,0,1000000,2.0,9.025013,7.690609,0.02,0.076551
Restaurant,0,1000000,2.0,9.025013,7.690609,0.04,0.136541
Restaurant,0,1000000,2.0,9.025013,7.690609,0.06,0.186263
Restaurant,0,1000000,2.0,9.025013,7.690609,0.08,0.228993
Restaurant,0,1000000,2.0,9.025013,7.690609,0.10,0.266660
Restaurant,0,1000000,2.0,9.025013,7.690609,0.12,0.300493
Restaurant,0,1000000,2.0,9.025013,7.690609,0.14,0.331322
Restaurant,0,1000000,2.0,9.025013,7.690609,0.16,0.359739
Restaurant,0,1000000,2.0,9.025013,7.690609,0.18,0.386176
Restaurant,0,1000000,2.0,9.025013,7.690609,0.20,0.410961
Restaurant,0,1000000,2.0,9.025013,7.690609,0.22,0.434348
Restaurant,0,1000000,2.0,9.025013,7.690609,0.24,0.456536
Restaurant,0,1000000,2.0,9.025013,7.690609,0.26,0.477689
Restaurant,0,1000000,2.0,9.025013,7.690609,0.28,0.497935
Restaurant,0,1000000,2.0,9.025013,7.690609,0.30,0.517386
Restaurant,0,1000000,2.0,9.025013,7.690609,0.32,0.536131
Restaurant,0,1000000,2.0,9.025013,7.690609,0.34,0.554246
Restaurant,0,1000000,2.0,9.025013,7.690609,0.36,0.571799
Restaurant,0,1000000,2.0,9.025013,7.690609,0.38,0.588844
Restaurant,0,1000000,2.0,9.025013,7.690609,0.40,0.605430
Restaurant,0,1000000,2.0,9.025013,7.690609,0.42,0.621599
Restaurant,0,1000000,2.0,9.025013,7.690609,0.44,0.637390
Restaurant,0,1000000,2.0,9.025013,7.690609,0.46,0.652833
Restaurant,0,1000000,2.0,9.025013,7.690609,0.48,0.667958
Restaurant,0,1000000,2.0,9.025013,7.690609,0.50,0.682792
Restaurant,0,1000000,2.0,9.025013,7.690609,0.52,0.697356
Restaurant,0,1000000,2.0,9.025013,7.690609,0.54,0.711671
Restaurant,0,1000000,2.0,9.025013,7.690609,0.56,0.725757
Restaurant,0,1000000,2.0,9.025013,7.690609,0.58,0.739629
Restaurant,0,1000000,2.0,9.025013,7.690609,0.60,0.753302
Restaurant,0,1000000,2.0,9.025013,7.690609,0.62,0.766792
Restaurant,0,1000000,2.0,9.025013,7.690609,0.64,0.780109
Restaurant,0,1000000,2.0,9.025013,7.690609,0.66,0.793266
Restaurant,0,1000000,2.0,9.025013,7.690609,0.68,0.806273
Restaurant,0,1000000,2.0,9.025013,7.690609,0.70,0.819139
Restaurant,0,1000000,2.0,9.025013,7.690609,0.72,0.831875
Restaurant,0,1000000,2.0,9.025013,7.690609,0.74,0.844486
Restaurant,0,1000000,2.0,9.025013,7.690609,0.76,0.856982
Restaurant,0,1000000,2.0,9.025013,7.690609,0.78,0.869369
Restaurant,0,1000000,2.0,9.025013,7.690609,0.80,0.881654
Restaurant,0,1000000,2.0,9.025013,7.690609,0.82,0.893842
Restaurant,0,1000000,2.0,9.025013,7.690609,0.84,0.905939
Restaurant,0,1000000,2.0,9.025013,7.690609,0.86,0.917951
Restaurant,0,1000000,2.0,9.025013,7.690609,0.88,0.929882
Restaurant,0,1000000,2.0,9.025013,7.690609,0.90,0.941736
Restaurant,0,1000000,2.0,9.025013,7.690609,0.92,0.953518
Restaurant,0,1000000,2.0,9.025013,7.690609,0.94,0.965232
Restaurant,0,1000000,2.0,9.025013,7.690609,0.96,0.976882
Restaurant,0,1000000,2.0,9.025013,7.690609,0.98,0.988470
Restaurant,0,1000000,2.0,9.025013,7.690609,1.00,1.000000
Restaurant,1000000,2500000,2.0,9.025013,7.690609,0.00,0.000000
Restaurant,1000000,2500000,2.0,9.025013,7.690609,0.02,0.076551
Restaurant,1000000,2500000,2.0,9.025013,7.690609,0.04,0.136541
Restaurant,1000000,2500000,2.0,9.025013,7.690609,0.06,0.186263
Restaurant,1000000,2500000,2.0,9.025013,7.690609,0.08,0.228993
Restaurant,1000000,2500000,2.0,9.025013,7.690609,0.10,0.266660
Restaurant,1000000,2500000,2.0,9.025013,7.690609,0.12,0.300493
Restaurant,1000000,2500000,2.0,9.025013,7.690609,0.14,0.331322
Restaurant,1000000,2500000,2.0,9.025013,7.690609,0.16,0.359739
Restaurant,1000000,2500000,2.0,9.025013,7.690609,0.18,0.386176
Restaurant,1000000,2500000,2.0,9.025013,7.690609,0.20,0.410961
Restaurant,1000000,2500000,2.0,9.025013,7.690609,0.22,0.434348
Restaurant,1000000,2500000,2.0,9.025013,7.690609,0.24,0.456536
Restaurant,1000000,2500000,2.0,9.025013,7.690609,0.26,0.477689
Restaurant,1000000,2500000,2.0,9.025013,7.690609,0.28,0.497935
Restaurant,1000000,2500000,2.0,9.025013,7.690609,0.30,0.517386
Restaurant,1000000,2500000,2.0,9.025013,7.690609,0.32,0.536131
Restaurant,1000000,2500000,2.0,9.025013,7.690609,0.34,0.554246
Restaurant,1000000,2500000,2.0,9.025013,7.690609,0.36,0.571799
Restaurant,1000000,2500000,2.0,9.025013,7.690609,0.38,0.588844
Restaurant,1000000,2500000,2.0,9.025013,7.690609,0.40,0.605430
Restaurant,1000000,2500000,2.0,9.025013,7.690609,0.42,0.621599
Restaurant,1000000,2500000,2.0,9.025013,7.690609,0.44,0.637390
Restaurant,1000000,2500000,2.0,9.025013,7.690609,0.46,0.652833
Restaurant,1000000,2500000,2.0,9.025013,7.690609,0.48,0.667958
Restaurant,1000000,2500000,2.0,9.025013,7.690609,0.50,0.682792
Restaurant,1000000,2500000,2.0,9.025013,7.690609,0.52,0.697356
Restaurant,1000000,2500000,2.0,9.025013,7.690609,0.54,0.711671
Restaurant,1000000,2500000,2.0,9.025013,7.690609,0.56,0.725757
Restaurant,1000000,2500000,2.0,9.025013,7.690609,0.58,0.739629
Restaurant,1000000,2500000,2.0,9.025013,7.690609,0.60,0.753302
Restaurant,1000000,2500000,2.0,9.025013,7.690609,0.62,0.766792
Restaurant,1000000,2500000,2.0,9.025013,7.690609,0.64,0.780109
Restaurant,1000000,2500000,2.0,9.025013,7.690609,0.66,0.793266
Restaurant,1000000,2500000,2.0,9.025013,7.690609,0.68,0.806273
Restaurant,1000000,2500000,2.0,9.025013,7.690609,0.70,0.819139
Restaurant,1000000,2500000,2.0,9.025013,7.690609,0.72,0.831875
Restaurant,1000000,2500000,2.0,9.025013,7.690609,0.74,0.844486
Restaurant,1000000,2500000,2.0,9.025013,7.690609,0.76,0.856982
Restaurant,1000000,2500000,2.0,9.025013,7.690609,0.78,0.869369
Restaurant,1000000,2500000,2.0,9.025013,7.690609,0.80,0.881654
Restaurant,1000000,2500000,2.0,9.025013,7.690609,0.82,0.893842
Restaurant,1000000,2500000,2.0,9.025013,7.690609,0.84,0.905939
Restaurant,1000000,2500000,2.0,9.025013,7.690609,0.86,0.917951
Restaurant,1000000,2500000,2.0,9.025013,7.690609,0.88,0.929882
Restaurant,1000000,2500000,2.0,9.025013,7.690609,0.90,0.941736
Restaurant,1000000,2500000,2.0,9.025013,7.690609,0.92,0.953518
Restaurant,1000000,2500000,2.0,9.025013,7.690609,0.94,0.965232
Restaurant,1000000,2500000,2.0,9.025013,7.690609,0.96,0.976882
Restaurant,1000000,2500000,2.0,9.025013,7.690609,0.98,0.988470
Restaurant,1000000,2500000,2.0,9.025013,7.690609,1.00,1.000000
Restaurant,2500000,5000000,3.0,3.669297,30.569415,0.00,0.000000
Restaurant,2500000,5000000,3.0,3.669297,30.569415,0.02,0.156889
Restaurant,2500000,5000000,3.0,3.669297,30.569415,0.04,0.247944
Restaurant,2500000,5000000,3.0,3.669297,30.569415,0.06,0.312862
Restaurant,2500000,5000000,3.0,3.669297,30.569415,0.08,0.363647
Restaurant,2500000,5000000,3.0,3.669297,30.569415,0.10,0.405560
Restaurant,2500000,5000000,3.0,3.669297,30.569415,0.12,0.441382
Restaurant,2500000,5000000,3.0,3.669297,30.569415,0.14,0.472764
Restaurant,2500000,5000000,3.0,3.669297,30.569415,0.16,0.500767
Restaurant,2500000,5000000,3.0,3.669297,30.569415,0.18,0.526110
Restaurant,2500000,5000000,3.0,3.669297,30.569415,0.20,0.549308
Restaurant,2500000,5000000,3.0,3.669297,30.569415,0.22,0.570738
Restaurant,2500000,5000000,3.0,3.669297,30.569415,0.24,0.590688
Restaurant,2500000,5000000,3.0,3.669297,30.569415,0.26,0.609379
Restaurant,2500000,5000000,3.0,3.669297,30.569415,0.28,0.626989
Restaurant,2500000,5000000,3.0,3.669297,30.569415,0.30,0.643658
Restaurant,2500000,5000000,3.0,3.669297,30.569415,0.32,0.659503
Restaurant,2500000,5000000,3.0,3.669297,30.569415,0.34,0.674620
Restaurant,2500000,5000000,3.0,3.669297,30.569415,0.36,0.689088
Restaurant,2500000,5000000,3.0,3.669297,30.569415,0.38,0.702977
Restaurant,2500000,5000000,3.0,3.669297,30.569415,0.40,0.716344
Restaurant,2500000,5000000,3.0,3.669297,30.569415,0.42,0.729239
Restaurant,2500000,5000000,3.0,3.669297,30.569415,0.44,0.741705
Restaurant,2500000,5000000,3.0,3.669297,30.569415,0.46,0.753779
Restaurant,2500000,5000000,3.0,3.669297,30.569415,0.48,0.765495
Restaurant,2500000,5000000,3.0,3.669297,30.569415,0.50,0.776881
Restaurant,2500000,5000000,3.0,3.669297,30.569415,0.52,0.787964
Restaurant,2500000,5000000,3.0,3.669297,30.569415,0.54,0.798766
Restaurant,2500000,5000000,3.0,3.669297,30.569415,0.56,0.809308
Restaurant,2500000,5000000,3.0,3.669297,30.569415,0.58,0.819609
Restaurant,2500000,5000000,3.0,3.669297,30.569415,0.60,0.829684
Restaurant,2500000,5000000,3.0,3.669297,30.569415,0.62,0.839550
Restaurant,2500000,5000000,3.0,3.669297,30.569415,0.64,0.849219
Restaurant,2500000,5000000,3.0,3.669297,30.569415,0.66,0.858705
Restaurant,2500000,5000000,3.0,3.669297,30.569415,0.68,0.868018
Restaurant,2500000,5000000,3.0,3.669297,30.569415,0.70,0.877169
Restaurant,2500000,5000000,3.0,3.669297,30.569415,0.72,0.886167
Restaurant,2500000,5000000,3.0,3.669297,30.569415,0.74,0.895021
Restaurant,2500000,5000000,3.0,3.669297,30.569415,0.76,0.903739
Restaurant,2500000,5000000,3.0,3.669297,30.569415,0.78,0.912328
Restaurant,2500000,5000000,3.0,3.669297,30.569415,0.80,0.920796
Restaurant,2500000,5000000,3.0,3.669297,30.569415,0.82,0.929149
Restaurant,2500000,5000000,3.0,3.669297,30.569415,0.84,0.937393
Restaurant,2500000,5000000,3.0,3.669297,30.569415,0.86,0.945533
Restaurant,2500000,5000000,3.0,3.669297,30.569415,0.88,0.953574
Restaurant,2500000,5000000,3.0,3.669297,30.569415,0.90,0.961522
Restaurant,2500000,5000000,3.0,3.669297,30.569415,0.92,0.969380
Restaurant,2500000,5000000,3.0,3.669297,30.569415,0.94,0.977153
Restaurant,2500000,5000000,3.0,3.669297,30.569415,0.96,0.984845
Restaurant,2500000,5000000,3.0,3.669297,30.569415,0.98,0.992459
Restaurant,2500000,5000000,3.0,3.669297,30.569415,1.00,1.000000
Restaurant,5000000,10000000,4.0,1.105171,154.470015,0.00,0.000000
Restaurant,5000000,10000000,4.0,1.105171,154.470015,0.02,0.280614
Restaurant,5000000,10000000,4.0,1.105171,154.470015,0.04,0.391167
Restaurant,5000000,10000000,4.0,1.105171,154.470015,0.06,0.461344
Restaurant,5000000,10000000,4.0,1.105171,154.470015,0.08,0.512899
Restaurant,5000000,10000000,4.0,1.105171,154.470015,0.10,0.553689
Restaurant,5000000,10000000,4.0,1.105171,154.470015,0.12,0.587453
Restaurant,5000000,10000000,4.0,1.105171,154.470015,0.14,0.616268
Restaurant,5000000,10000000,4.0,1.105171,154.470015,0.16,0.641408
Restaurant,5000000,10000000,4.0,1.105171,154.470015,0.18,0.663711
Restaurant,5000000,10000000,4.0,1.105171,154.470015,0.20,0.683755
Restaurant,5000000,10000000,4.0,1.105171,154.470015,0.22,0.701961
Restaurant,5000000,10000000,4.0,1.105171,154.470015,0.24,0.718640
Restaurant,5000000,10000000,4.0,1.105171,154.470015,0.26,0.734030
Restaurant,5000000,10000000,4.0,1.105171,154.470015,0.28,0.748320
Restaurant,5000000,10000000,4.0,1.105171,154.470015,0.30,0.761657
Restaurant,5000000,10000000,4.0,1.105171,154.470015,0.32,0.774162
Restaurant,5000000,10000000,4.0,1.105171,154.470015,0.34,0.785935
Restaurant,5000000,10000000,4.0,1.105171,154.470015,0.36,0.797057
Restaurant,5000000,10000000,4.0,1.105171,154.470015,0.38,0.807599
Restaurant,5000000,10000000,4.0,1.105171,154.470015,0.40,0.817618
Restaurant,5000000,10000000,4.0,1.105171,154.470015,0.42,0.827164
Restaurant,5000000,10000000,4.0,1.105171,154.470015,0.44,0.836282
Restaurant,5000000,10000000,4.0,1.105171,154.470015,0.46,0.845009
Restaurant,5000000,10000000,4.0,1.105171,154.470015,0.48,0.853377
Restaurant,5000000,10000000,4.0,1.105171,154.470015,0.50,0.861416
Restaurant,5000000,10000000,4.0,1.105171,154.470015,0.52,0.869151
Restaurant,5000000,10000000,4.0,1.105171,154.470015,0.54,0.876605
Restaurant,5000000,10000000,4.0,1.105171,154.470015,0.56,0.883798
Restaurant,5000000,10000000,4.0,1.105171,154.470015,0.58,0.890748
Restaurant,5000000,10000000,4.0,1.105171,154.470015,0.60,0.897472
Restaurant,5000000,10000000,4.0,1.105171,154.470015,0.62,0.903983
Restaurant,5000000,10000000,4.0,1.105171,154.470015,0.64,0.910297
Restaurant,5000000,10000000,4.0,1.105171,154.470015,0.66,0.916423
Restaurant,5000000,10000000,4.0,1.105171,154.470015,0.68,0.922375
Restaurant,5000000,10000000,4.0,1.105171,154.470015,0.70,0.928161
Restaurant,5000000,10000000,4.0,1.105171,154.470015,0.72,0.933791
Restaurant,5000000,10000000,4.0,1.105171,154.470015,0.74,0.939274
Restaurant,5000000,10000000,4.0,1.105171,154.470015,0.76,0.944617
Restaurant,5000000,10000000,4.0,1.105171,154.470015,0.78,0.949827
Restaurant,5000000,10000000,4.0,1.105171,154.470015,0.80,0.954911
Restaurant,5000000,10000000,4.0,1.105171,154.470015,0.82,0.959876
Restaurant,5000000,10000000,4.0,1.105171,154.470015,0.84,0.964727
Restaurant,5000000,10000000,4.0,1.105171,154.470015,0.86,0.969469
Restaurant,5000000,10000000,4.0,1.105171,154.470015,0.88,0.974107
Restaurant,5000000,10000000,4.0,1.105171,154.470015,0.90,0.978647
Restaurant,5000000,10000000,4.0,1.105171,154.470015,0.92,0.983091
Restaurant,5000000,10000000,4.0,1.105171,154.470015,0.94,0.987445
Restaurant,5000000,10000000,4.0,1.105171,154.470015,0.96,0.991712
Restaurant,5000000,10000000,4.0,1.105171,154.470015,0.98,0.995896
Restaurant,5000000,10000000,4.0,1.105171,154.470015,1.00,1.000000
Restaurant,10000000,1000000000,4.0,1.105171,154.470015,0.00,0.000000
Restaurant,10000000,1000000000,4.0,1.105171,154.470015,0.02,0.280614
Restaurant,10000000,1000000000,4.0,1.105171,154.470015,0.04,0.391167
Restaurant,10000000,1000000000,4.0,1.105171,154.470015,0.06,0.461344
Restaurant,10000000,1000000000,4.0,1.105171,154.470015,0.08,0.512899
Restaurant,10000000,1000000000,4.0,1.105171,154.470015,0.10,0.553689
Restaurant,10000000,1000000000,4.0,1.105171,154.470015,0.12,0.587453
Restaurant,10000000,1000000000,4.0,1.105171,154.470015,0.14,0.616268
Restaurant,10000000,1000000000,4.0,1.105171,154.470015,0.16,0.641408
Restaurant,10000000,1000000000,4.0,1.105171,154.470015,0.18,0.663711
Restaurant,10000000,1000000000,4.0,1.105171,154.470015,0.20,0.683755
Restaurant,10000000,1000000000,4.0,1.105171,154.470015,0.22,0.701961
Restaurant,10000000,1000000000,4.0,1.105171,154.470015,0.24,0.718640
Restaurant,10000000,1000000000,4.0,1.105171,154.470015,0.26,0.734030
Restaurant,10000000,1000000000,4.0,1.105171,154.470015,0.28,0.748320
Restaurant,10000000,1000000000,4.0,1.105171,154.470015,0.30,0.761657
Restaurant,10000000,1000000000,4.0,1.105171,154.470015,0.32,0.774162
Restaurant,10000000,1000000000,4.0,1.105171,154.470015,0.34,0.785935
Restaurant,10000000,1000000000,4.0,1.105171,154.470015,0.36,0.797057
Restaurant,10000000,1000000000,4.0,1.105171,154.470015,0.38,0.807599
Restaurant,10000000,1000000000,4.0,1.105171,154.470015,0.40,0.817618
Restaurant,10000000,1000000000,4.0,1.105171,154.470015,0.42,0.827164
Restaurant,10000000,1000000000,4.0,1.105171,154.470015,0.44,0.836282
Restaurant,10000000,1000000000,4.0,1.105171,154.470015,0.46,0.845009
Restaurant,10000000,1000000000,4.0,1.105171,154.470015,0.48,0.853377
Restaurant,10000000,1000000000,4.0,1.105171,154.470015,0.50,0.861416
Restaurant,10000000,1000000000,4.0,1.105171,154.470015,0.52,0.869151
Restaurant,10000000,1000000000,4.0,1.105171,154.470015,0.54,0.876605
Restaurant,10000000,1000000000,4.0,1.105171,154.470015,0.56,0.883798
Restaurant,10000000,1000000000,4.0,1.105171,154.470015,0.58,0.890748
Restaurant,10000000,1000000000,4.0,1.105171,154.470015,0.60,0.897472
Restaurant,10000000,1000000000,4.0,1.105171,154.470015,0.62,0.903983
Restaurant,10000000,1000000000,4.0,1.105171,154.470015,0.64,0.910297
Restaurant,10000000,1000000000,4.0,1.105171,154.470015,0.66,0.916423
Restaurant,10000000,1000000000,4.0,1.105171,154.470015,0.68,0.922375
Restaurant,10000000,1000000000,4.0,1.105171,154.470015,0.70,0.928161
Restaurant,10000000,1000000000,4.0,1.105171,154.470015,0.72,0.933791
Restaurant,10000000,1000000000,4.0,1.105171,154.470015,0.74,0.939274
Restaurant,10000000,1000000000,4.0,1.105171,154.470015,0.76,0.944617
Restaurant,10000000,1000000000,4.0,1.105171,154.470015,0.78,0.949827
Restaurant,10000000,1000000000,4.0,1.105171,154.470015,0.80,0.954911
Restaurant,10000000,1000000000,4.0,1.105171,154.470015,0.82,0.959876
Restaurant,10000000,1000000000,4.0,1.105171,154.470015,0.84,0.964727
Restaurant,10000000,1000000000,4.0,1.105171,154.470015,0.86,0.969469
Restaurant,10000000,1000000000,4.0,1.105171,154.470015,0.88,0.974107
Restaurant,10000000,1000000000,4.0,1.105171,154.470015,0.90,0.978647
Restaurant,10000000,1000000000,4.0,1.105171,154.470015,0.92,0.983091
Restaurant,10000000,1000000000,4.0,1.105171,154.470015,0.94,0.987445
Restaurant,10000000,1000000000,4.0,1.105171,154.470015,0.96,0.991712
Restaurant,10000000,1000000000,4.0,1.105171,154.470015,0.98,0.995896
Restaurant,10000000,1000000000,4.0,1.105171,154.470015,1.00,1.000000
Warehouse,0,1000000,3.0,3.669297,30.569415,0.00,0.000000
Warehouse,0,1000000,3.0,3.669297,30.569415,0.02,0.156889
Warehouse,0,1000000,3.0,3.669297,30.569415,0.04,0.247944
Warehouse,0,1000000,3.0,3.669297,30.569415,0.06,0.312862
Warehouse,0,1000000,3.0,3.669297,30.569415,0.08,0.363647
Warehouse,0,1000000,3.0,3.669297,30.569415,0.10,0.405560
Warehouse,0,1000000,3.0,3.669297,30.569415,0.12,0.441382
Warehouse,0,1000000,3.0,3.669297,30.569415,0.14,0.472764
Warehouse,0,1000000,3.0,3.669297,30.569415,0.16,0.500767
Warehouse,0,1000000,3.0,3.669297,30.569415,0.18,0.526110
Warehouse,0,1000000,3.0,3.669297,30.569415,0.20,0.549308
Warehouse,0,1000000,3.0,3.669297,30.569415,0.22,0.570738
Warehouse,0,1000000,3.0,3.669297,30.569415,0.24,0.590688
Warehouse,0,1000000,3.0,3.669297,30.569415,0.26,0.609379
Warehouse,0,1000000,3.0,3.669297,30.569415,0.28,0.626989
Warehouse,0,1000000,3.0,3.669297,30.569415,0.30,0.643658
Warehouse,0,1000000,3.0,3.669297,30.569415,0.32,0.659503
Warehouse,0,1000000,3.0,3.669297,30.569415,0.34,0.674620
Warehouse,0,1000000,3.0,3.669297,30.569415,0.36,0.689088
Warehouse,0,1000000,3.0,3.669297,30.569415,0.38,0.702977
Warehouse,0,1000000,3.0,3.669297,30.569415,0.40,0.716344
Warehouse,0,1000000,3.0,3.669297,30.569415,0.42,0.729239
Warehouse,0,1000000,3.0,3.669297,30.569415,0.44,0.741705
Warehouse,0,1000000,3.0,3.669297,30.569415,0.46,0.753779
Warehouse,0,1000000,3.0,3.669297,30.569415,0.48,0.765495
Warehouse,0,1000000,3.0,3.669297,30.569415,0.50,0.776881
Warehouse,0,1000000,3.0,3.669297,30.569415,0.52,0.787964
Warehouse,0,1000000,3.0,3.669297,30.569415,0.54,0.798766
Warehouse,0,1000000,3.0,3.669297,30.569415,0.56,0.809308
Warehouse,0,1000000,3.0,3.669297,30.569415,0.58,0.819609
Warehouse,0,1000000,3.0,3.669297,30.569415,0.60,0.829684
Warehouse,0,1000000,3.0,3.669297,30.569415,0.62,0.839550
Warehouse,0,1000000,3.0,3.669297,30.569415,0.64,0.849219
Warehouse,0,1000000,3.0,3.669297,30.569415,0.66,0.858705
Warehouse,0,1000000,3.0,3.669297,30.569415,0.68,0.868018
Warehouse,0,1000000,3.0,3.669297,30.569415,0.70,0.877169
Warehouse,0,1000000,3.0,3.669297,30.569415,0.72,0.886167
Warehouse,0,1000000,3.0,3.669297,30.569415,0.74,0.895021
Warehouse,0,1000000,3.0,3.669297,30.569415,0.76,0.903739
Warehouse,0,1000000,3.0,3.669297,30.569415,0.78,0.912328
Warehouse,0,1000000,3.0,3.669297,30.569415,0.80,0.920796
Warehouse,0,1000000,3.0,3.669297,30.569415,0.82,0.929149
Warehouse,0,1000000,3.0,3.669297,30.569415,0.84,0.937393
Warehouse,0,1000000,3.0,3.669297,30.569415,0.86,0.945533
Warehouse,0,1000000,3.0,3.669297,30.569415,0.88,0.953574
Warehouse,0,1000000,3.0,3.669297,30.569415,0.90,0.961522
Warehouse,0,1000000,3.0,3.669297,30.569415,0.92,0.969380
Warehouse,0,1000000,3.0,3.669297,30.569415,0.94,0.977153
Warehouse,0,1000000,3.0,3.669297,30.569415,0.96,0.984845
Warehouse,0,1000000,3.0,3.669297,30.569415,0.98,0.992459
Warehouse,0,1000000,3.0,3.669297,30.569415,1.00,1.000000
Warehouse,1000000,2500000,3.0,3.669297,30.569415,0.00,0.000000
Warehouse,1000000,2500000,3.0,3.669297,30.569415,0.02,0.156889
Warehouse,1000000,2500000,3.0,3.669297,30.569415,0.04,0.247944
Warehouse,1000000,2500000,3.0,3.669297,30.569415,0.06,0.312862
Warehouse,1000000,2500000,3.0,3.669297,30.569415,0.08,0.363647
Warehouse,1000000,2500000,3.0,3.669297,30.569415,0.10,0.405560
Warehouse,1000000,2500000,3.0,3.669297,30.569415,0.12,0.441382
Warehouse,1000000,2500000,3.0,3.669297,30.569415,0.14,0.472764
Warehouse,1000000,2500000,3.0,3.669297,30.569415,0.16,0.500767
Warehouse,1000000,2500000,3.0,3.669297,30.569415,0.18,0.526110
Warehouse,1000000,2500000,3.0,3.669297,30.569415,0.20,0.549308
Warehouse,1000000,2500000,3.0,3.669297,30.569415,0.22,0.570738
Warehouse,1000000,2500000,3.0,3.669297,30.569415,0.24,0.590688
Warehouse,1000000,2500000,3.0,3.669297,30.569415,0.26,0.609379
Warehouse,1000000,2500000,3.0,3.669297,30.569415,0.28,0.626989
Warehouse,1000000,2500000,3.0,3.669297,30.569415,0.30,0.643658
Warehouse,1000000,2500000,3.0,3.669297,30.569415,0.32,0.659503
Warehouse,1000000,2500000,3.0,3.669297,30.569415,0.34,0.674620
Warehouse,1000000,2500000,3.0,3.669297,30.569415,0.36,0.689088
Warehouse,1000000,2500000,3.0,3.669297,30.569415,0.38,0.702977
Warehouse,1000000,2500000,3.0,3.669297,30.569415,0.40,0.716344
Warehouse,1000000,2500000,3.0,3.669297,30.569415,0.42,0.729239
Warehouse,1000000,2500000,3.0,3.669297,30.569415,0.44,0.741705
Warehouse,1000000,2500000,3.0,3.669297,30.569415,0.46,0.753779
Warehouse,1000000,2500000,3.0,3.669297,30.569415,0.48,0.765495
Warehouse,1000000,2500000,3.0,3.669297,30.569415,0.50,0.776881
Warehouse,1000000,2500000,3.0,3.669297,30.569415,0.52,0.787964
Warehouse,1000000,2500000,3.0,3.669297,30.569415,0.54,0.798766
Warehouse,1000000,2500000,3.0,3.669297,30.569415,0.56,0.809308
Warehouse,1000000,2500000,3.0,3.669297,30.569415,0.58,0.819609
Warehouse,1000000,2500000,3.0,3.669297,30.569415,0.60,0.829684
Warehouse,1000000,2500000,3.0,3.669297,30.569415,0.62,0.839550
Warehouse,1000000,2500000,3.0,3.669297,30.569415,0.64,0.849219
Warehouse,1000000,2500000,3.0,3.669297,30.569415,0.66,0.858705
Warehouse,1000000,2500000,3.0,3.669297,30.569415,0.68,0.868018
Warehouse,1000000,2500000,3.0,3.669297,30.569415,0.70,0.877169
Warehouse,1000000,2500000,3.0,3.669297,30.569415,0.72,0.886167
Warehouse,1000000,2500000,3.0,3.669297,30.569415,0.74,0.895021
Warehouse,1000000,2500000,3.0,3.669297,30.569415,0.76,0.903739
Warehouse,1000000,2500000,3.0,3.669297,30.569415,0.78,0.912328
Warehouse,1000000,2500000,3.0,3.669297,30.569415,0.80,0.920796
Warehouse,1000000,2500000,3.0,3.669297,30.569415,0.82,0.929149
Warehouse,1000000,2500000,3.0,3.669297,30.569415,0.84,0.937393
Warehouse,1000000,2500000,3.0,3.669297,30.569415,0.86,0.945533
Warehouse,1000000,2500000,3.0,3.669297,30.569415,0.88,0.953574
Warehouse,1000000,2500000,3.0,3.669297,30.569415,0.90,0.961522
Warehouse,1000000,2500000,3.0,3.669297,30.569415,0.92,0.969380
Warehouse,1000000,2500000,3.0,3.669297,30.569415,0.94,0.977153
Warehouse,1000000,2500000,3.0,3.669297,30.569415,0.96,0.984845
Warehouse,1000000,2500000,3.0,3.669297,30.569415,0.98,0.992459
Warehouse,1000000,2500000,3.0,3.669297,30.569415,1.00,1.000000
Warehouse,2500000,5000000,4.0,1.105171,154.470015,0.00,0.000000
Warehouse,2500000,5000000,4.0,1.105171,154.470015,0.02,0.280614
Warehouse,2500000,5000000,4.0,1.105171,154.470015,0.04,0.391167
Warehouse,2500000,5000000,4.0,1.105171,154.470015,0.06,0.461344
Warehouse,2500000,5000000,4.0,1.105171,154.470015,0.08,0.512899
Warehouse,2500000,5000000,4.0,1.105171,154.470015,0.10,0.553689
Warehouse,2500000,5000000,4.0,1.105171,154.470015,0.12,0.587453
Warehouse,2500000,5000000,4.0,1.105171,154.470015,0.14,0.616268
Warehouse,2500000,5000000,4.0,1.105171,154.470015,0.16,0.641408
Warehouse,2500000,5000000,4.0,1.105171,154.470015,0.18,0.663711
Warehouse,2500000,5000000,4.0,1.105171,154.470015,0.20,0.683755
Warehouse,2500000,5000000,4.0,1.105171,154.470015,0.22,0.701961
Warehouse,2500000,5000000,4.0,1.105171,154.470015,0.24,0.718640
Warehouse,2500000,5000000,4.0,1.105171,154.470015,0.26,0.734030
Warehouse,2500000,5000000,4.0,1.105171,154.470015,0.28,0.748320
Warehouse,2500000,5000000,4.0,1.105171,154.470015,0.30,0.761657
Warehouse,2500000,5000000,4.0,1.105171,154.470015,0.32,0.774162
Warehouse,2500000,5000000,4.0,1.105171,154.470015,0.34,0.785935
Warehouse,2500000,5000000,4.0,1.105171,154.470015,0.36,0.797057
Warehouse,2500000,5000000,4.0,1.105171,154.470015,0.38,0.807599
Warehouse,2500000,5000000,4.0,1.105171,154.470015,0.40,0.817618
Warehouse,2500000,5000000,4.0,1.105171,154.470015,0.42,0.827164
Warehouse,2500000,5000000,4.0,1.105171,154.470015,0.44,0.836282
Warehouse,2500000,5000000,4.0,1.105171,154.470015,0.46,0.845009
Warehouse,2500000,5000000,4.0,1.105171,154.470015,0.48,0.853377
Warehouse,2500000,5000000,4.0,1.105171,154.470015,0.50,0.861416
Warehouse,2500000,5000000,4.0,1.105171,154.470015,0.52,0.869151
Warehouse,2500000,5000000,4.0,1.105171,154.470015,0.54,0.876605
Warehouse,2500000,5000000,4.0,1.105171,154.470015,0.56,0.883798
Warehouse,2500000,5000000,4.0,1.105171,154.470015,0.58,0.890748
Warehouse,2500000,5000000,4.0,1.105171,154.470015,0.60,0.897472
Warehouse,2500000,5000000,4.0,1.105171,154.470015,0.62,0.903983
Warehouse,2500000,5000000,4.0,1.105171,154.470015,0.64,0.910297
Warehouse,2500000,5000000,4.0,1.105171,154.470015,0.66,0.916423
Warehouse,2500000,5000000,4.0,1.105171,154.470015,0.68,0.922375
Warehouse,2500000,5000000,4.0,1.105171,154.470015,0.70,0.928161
Warehouse,2500000,5000000,4.0,1.105171,154.470015,0.72,0.933791
Warehouse,2500000,5000000,4.0,1.105171,154.470015,0.74,0.939274
Warehouse,2500000,5000000,4.0,1.105171,154.470015,0.76,0.944617
Warehouse,2500000,5000000,4.0,1.105171,154.470015,0.78,0.949827
Warehouse,2500000,5000000,4.0,1.105171,154.470015,0.80,0.954911
Warehouse,2500000,5000000,4.0,1.105171,154.470015,0.82,0.959876
Warehouse,2500000,5000000,4.0,1.105171,154.470015,0.84,0.964727
Warehouse,2500000,5000000,4.0,1.105171,154.470015,0.86,0.969469
Warehouse,2500000,5000000,4.0,1.105171,154.470015,0.88,0.974107
Warehouse,2500000,5000000,4.0,1.105171,154.470015,0.90,0.978647
Warehouse,2500000,5000000,4.0,1.105171,154.470015,0.92,0.983091
Warehouse,2500000,5000000,4.0,1.105171,154.470015,0.94,0.987445
Warehouse,2500000,5000000,4.0,1.105171,154.470015,0.96,0.991712
Warehouse,2500000,5000000,4.0,1.105171,154.470015,0.98,0.995896
Warehouse,2500000,5000000,4.0,1.105171,154.470015,1.00,1.000000
Warehouse,5000000,10000000,5.0,0.246597,992.274716,0.00,0.000000
Warehouse,5000000,10000000,5.0,0.246597,992.274716,0.02,0.417395
Warehouse,5000000,10000000,5.0,0.246597,992.274716,0.04,0.531637
Warehouse,5000000,10000000,5.0,0.246597,992.274716,0.06,0.599649
Warehouse,5000000,10000000,5.0,0.246597,992.274716,0.08,0.647834
Warehouse,5000000,10000000,5.0,0.246597,992.274716,0.10,0.684937
Warehouse,5000000,10000000,5.0,0.246597,992.274716,0.12,0.714952
Warehouse,5000000,10000000,5.0,0.246597,992.274716,0.14,0.740044
Warehouse,5000000,10000000,5.0,0.246597,992.274716,0.16,0.761514
Warehouse,5000000,10000000,5.0,0.246597,992.274716,0.18,0.780211
Warehouse,5000000,10000000,5.0,0.246597,992.274716,0.20,0.796716
Warehouse,5000000,10000000,5.0,0.246597,992.274716,0.22,0.811445
Warehouse,5000000,10000000,5.0,0.246597,992.274716,0.24,0.824707
Warehouse,5000000,10000000,5.0,0.246597,992.274716,0.26,0.836737
Warehouse,5000000,10000000,5.0,0.246597,992.274716,0.28,0.847718
Warehouse,5000000,10000000,5.0,0.246597,992.274716,0.30,0.857795
Warehouse,5000000,10000000,5.0,0.246597,992.274716,0.32,0.867086
Warehouse,5000000,10000000,5.0,0.246597,992.274716,0.34,0.875686
Warehouse,5000000,10000000,5.0,0.246597,992.274716,0.36,0.883677
Warehouse,5000000,10000000,5.0,0.246597,992.274716,0.38,0.891123
Warehouse,5000000,10000000,5.0,0.246597,992.274716,0.40,0.898083
Warehouse,5000000,10000000,5.0,0.246597,992.274716,0.42,0.904605
Warehouse,5000000,10000000,5.0,0.246597,992.274716,0.44,0.910730
Warehouse,5000000,10000000,5.0,0.246597,992.274716,0.46,0.916494
Warehouse,5000000,10000000,5.0,0.246597,992.274716,0.48,0.921929
Warehouse,5000000,10000000,5.0,0.246597,992.274716,0.50,0.927062
Warehouse,5000000,10000000,5.0,0.246597,992.274716,0.52,0.931919
Warehouse,5000000,10000000,5.0,0.246597,992.274716,0.54,0.936520
Warehouse,5000000,10000000,5.0,0.246597,992.274716,0.56,0.940885
Warehouse,5000000,10000000,5.0,0.246597,992.274716,0.58,0.945031
Warehouse,5000000,10000000,5.0,0.246597,992.274716,0.60,0.948975
Warehouse,5000000,10000000,5.0,0.246597,992.274716,0.62,0.952729
Warehouse,5000000,10000000,5.0,0.246597,992.274716,0.64,0.956306
Warehouse,5000000,10000000,5.0,0.246597,992.274716,0.66,0.959719
Warehouse,5000000,10000000,5.0,0.246597,992.274716,0.68,0.962977
Warehouse,5000000,10000000,5.0,0.246597,992.274716,0.70,0.966090
Warehouse,5000000,10000000,5.0,0.246597,992.274716,0.72,0.969067
Warehouse,5000000,10000000,5.0,0.246597,992.274716,0.74,0.971915
Warehouse,5000000,10000000,5.0,0.246597,992.274716,0.76,0.974643
Warehouse,5000000,10000000,5.0,0.246597,992.274716,0.78,0.977257
Warehouse,5000000,10000000,5.0,0.246597,992.274716,0.80,0.979763
Warehouse,5000000,10000000,5.0,0.246597,992.274716,0.82,0.982167
Warehouse,5000000,10000000,5.0,0.246597,992.274716,0.84,0.984475
Warehouse,5000000,10000000,5.0,0.246597,992.274716,0.86,0.986692
Warehouse,5000000,10000000,5.0,0.246597,992.274716,0.88,0.988821
Warehouse,5000000,10000000,5.0,0.246597,992.274716,0.90,0.990868
Warehouse,5000000,10000000,5.0,0.246597,992.274716,0.92,0.992837
Warehouse,5000000,10000000,5.0,0.246597,992.274716,0.94,0.994731
Warehouse,5000000,10000000,5.0,0.246597,992.274716,0.96,0.996554
Warehouse,5000000,10000000,5.0,0.246597,992.274716,0.98,0.998309
Warehouse,5000000,10000000,5.0,0.246597,992.274716,1.00,1.000000
Warehouse,10000000,1000000000,5.0,0.246597,992.274716,0.00,0.000000
Warehouse,10000000,1000000000,5.0,0.246597,992.274716,0.02,0.417395
Warehouse,10000000,1000000000,5.0,0.246597,992.274716,0.04,0.531637
Warehouse,10000000,1000000000,5.0,0.246597,992.274716,0.06,0.599649
Warehouse,10000000,1000000000,5.0,0.246597,992.274716,0.08,0.647834
Warehouse,10000000,1000000000,5.0,0.246597,992.274716,0.10,0.684937
Warehouse,10000000,1000000000,5.0,0.246597,992.274716,0.12,0.714952
Warehouse,10000000,1000000000,5.0,0.246597,992.274716,0.14,0.740044
Warehouse,10000000,1000000000,5.0,0.246597,992.274716,0.16,0.761514
Warehouse,10000000,1000000000,5.0,0.246597,992.274716,0.18,0.780211
Warehouse,10000000,1000000000,5.0,0.246597,992.274716,0.20,0.796716
Warehouse,10000000,1000000000,5.0,0.246597,992.274716,0.22,0.811445
Warehouse,10000000,1000000000,5.0,0.246597,992.274716,0.24,0.824707
Warehouse,10000000,1000000000,5.0,0.246597,992.274716,0.26,0.836737
Warehouse,10000000,1000000000,5.0,0.246597,992.274716,0.28,0.847718
Warehouse,10000000,1000000000,5.0,0.246597,992.274716,0.30,0.857795
Warehouse,10000000,1000000000,5.0,0.246597,992.274716,0.32,0.867086
Warehouse,10000000,1000000000,5.0,0.246597,992.274716,0.34,0.875686
Warehouse,10000000,1000000000,5.0,0.246597,992.274716,0.36,0.883677
Warehouse,10000000,1000000000,5.0,0.246597,992.274716,0.38,0.891123
Warehouse,10000000,1000000000,5.0,0.246597,992.274716,0.40,0.898083
Warehouse,10000000,1000000000,5.0,0.246597,992.274716,0.42,0.904605
Warehouse,10000000,1000000000,5.0,0.246597,992.274716,0.44,0.910730
Warehouse,10000000,1000000000,5.0,0.246597,992.274716,0.46,0.916494
Warehouse,10000000,1000000000,5.0,0.246597,992.274716,0.48,0.921929
Warehouse,10000000,1000000000,5.0,0.246597,992.274716,0.50,0.927062
Warehouse,10000000,1000000000,5.0,0.246597,992.274716,0.52,0.931919
Warehouse,10000000,1000000000,5.0,0.246597,992.274716,0.54,0.936520
Warehouse,10000000,1000000000,5.0,0.246597,992.274716,0.56,0.940885
Warehouse,10000000,1000000000,5.0,0.246597,992.274716,0.58,0.945031
Warehouse,10000000,1000000000,5.0,0.246597,992.274716,0.60,0.948975
Warehouse,10000000,1000000000,5.0,0.246597,992.274716,0.62,0.952729
Warehouse,10000000,1000000000,5.0,0.246597,992.274716,0.64,0.956306
Warehouse,10000000,1000000000,5.0,0.246597,992.274716,0.66,0.959719
Warehouse,10000000,1000000000,5.0,0.246597,992.274716,0.68,0.962977
Warehouse,10000000,1000000000,5.0,0.246597,992.274716,0.70,0.966090
Warehouse,10000000,1000000000,5.0,0.246597,992.274716,0.72,0.969067
Warehouse,10000000,1000000000,5.0,0.246597,992.274716,0.74,0.971915
Warehouse,10000000,1000000000,5.0,0.246597,992.274716,0.76,0.974643
Warehouse,10000000,1000000000,5.0,0.246597,992.274716,0.78,0.977257
Warehouse,10000000,1000000000,5.0,0.246597,992.274716,0.80,0.979763
Warehouse,10000000,1000000000,5.0,0.246597,992.274716,0.82,0.982167
Warehouse,10000000,1000000000,5.0,0.246597,992.274716,0.84,0.984475
Warehouse,10000000,1000000000,5.0,0.246597,992.274716,0.86,0.986692
Warehouse,10000000,1000000000,5.0,0.246597,992.274716,0.88,0.988821
Warehouse,10000000,1000000000,5.0,0.246597,992.274716,0.90,0.990868
Warehouse,10000000,1000000000,5.0,0.246597,992.274716,0.92,0.992837
Warehouse,10000000,1000000000,5.0,0.246597,992.274716,0.94,0.994731
Warehouse,10000000,1000000000,5.0,0.246597,992.274716,0.96,0.996554
Warehouse,10000000,1000000000,5.0,0.246597,992.274716,0.98,0.998309
Warehouse,10000000,1000000000,5.0,0.246597,992.274716,1.00,1.000000
Light Mfg,0,1000000,3.0,3.669297,30.569415,0.00,0.000000
Light Mfg,0,1000000,3.0,3.669297,30.569415,0.02,0.156889
Light Mfg,0,1000000,3.0,3.669297,30.569415,0.04,0.247944
Light Mfg,0,1000000,3.0,3.669297,30.569415,0.06,0.312862
Light Mfg,0,1000000,3.0,3.669297,30.569415,0.08,0.363647
Light Mfg,0,1000000,3.0,3.669297,30.569415,0.10,0.405560
Light Mfg,0,1000000,3.0,3.669297,30.569415,0.12,0.441382
Light Mfg,0,1000000,3.0,3.669297,30.569415,0.14,0.472764
Light Mfg,0,1000000,3.0,3.669297,30.569415,0.16,0.500767
Light Mfg,0,1000000,3.0,3.669297,30.569415,0.18,0.526110
Light Mfg,0,1000000,3.0,3.669297,30.569415,0.20,0.549308
Light Mfg,0,1000000,3.0,3.669297,30.569415,0.22,0.570738
Light Mfg,0,1000000,3.0,3.669297,30.569415,0.24,0.590688
Light Mfg,0,1000000,3.0,3.669297,30.569415,0.26,0.609379
Light Mfg,0,1000000,3.0,3.669297,30.569415,0.28,0.626989
Light Mfg,0,1000000,3.0,3.669297,30.569415,0.30,0.643658
Light Mfg,0,1000000,3.0,3.669297,30.569415,0.32,0.659503
Light Mfg,0,1000000,3.0,3.669297,30.569415,0.34,0.674620
Light Mfg,0,1000000,3.0,3.669297,30.569415,0.36,0.689088
Light Mfg,0,1000000,3.0,3.669297,30.569415,0.38,0.702977
Light Mfg,0,1000000,3.0,3.669297,30.569415,0.40,0.716344
Light Mfg,0,1000000,3.0,3.669297,30.569415,0.42,0.729239
Light Mfg,0,1000000,3.0,3.669297,30.569415,0.44,0.741705
Light Mfg,0,1000000,3.0,3.669297,30.569415,0.46,0.753779
Light Mfg,0,1000000,3.0,3.669297,30.569415,0.48,0.765495
Light Mfg,0,1000000,3.0,3.669297,30.569415,0.50,0.776881
Light Mfg,0,1000000,3.0,3.669297,30.569415,0.52,0.787964
Light Mfg,0,1000000,3.0,3.669297,30.569415,0.54,0.798766
Light Mfg,0,1000000,3.0,3.669297,30.569415,0.56,0.809308
Light Mfg,0,1000000,3.0,3.669297,30.569415,0.58,0.819609
Light Mfg,0,1000000,3.0,3.669297,30.569415,0.60,0.829684
Light Mfg,0,1000000,3.0,3.669297,30.569415,0.62,0.839550
Light Mfg,0,1000000,3.0,3.669297,30.569415,0.64,0.849219
Light Mfg,0,1000000,3.0,3.669297,30.569415,0.66,0.858705
Light Mfg,0,1000000,3.0,3.669297,30.569415,0.68,0.868018
Light Mfg,0,1000000,3.0,3.669297,30.569415,0.70,0.877169
Light Mfg,0,1000000,3.0,3.669297,30.569415,0.72,0.886167
Light Mfg,0,1000000,3.0,3.669297,30.569415,0.74,0.895021
Light Mfg,0,1000000,3.0,3.669297,30.569415,0.76,0.903739
Light Mfg,0,1000000,3.0,3.669297,30.569415,0.78,0.912328
Light Mfg,0,1000000,3.0,3.669297,30.569415,0.80,0.920796
Light Mfg,0,1000000,3.0,3.669297,30.569415,0.82,0.929149
Light Mfg,0,1000000,3.0,3.669297,30.569415,0.84,0.937393
Light Mfg,0,1000000,3.0,3.669297,30.569415,0.86,0.945533
Light Mfg,0,1000000,3.0,3.669297,30.569415,0.88,0.953574
Light Mfg,0,1000000,3.0,3.669297,30.569415,0.90,0.961522
Light Mfg,0,1000000,3.0,3.669297,30.569415,0.92,0.969380
Light Mfg,0,1000000,3.0,3.669297,30.569415,0.94,0.977153
Light Mfg,0,1000000,3.0,3.669297,30.569415,0.96,0.984845
Light Mfg,0,1000000,3.0,3.669297,30.569415,0.98,0.992459
Light Mfg,0,1000000,3.0,3.669297,30.569415,1.00,1.000000
Light Mfg,1000000,2500000,4.0,1.105171,154.470015,0.00,0.000000
Light Mfg,1000000,2500000,4.0,1.105171,154.470015,0.02,0.280614
Light Mfg,1000000,2500000,4.0,1.105171,154.470015,0.04,0.391167
Light Mfg,1000000,2500000,4.0,1.105171,154.470015,0.06,0.461344
Light Mfg,1000000,2500000,4.0,1.105171,154.470015,0.08,0.512899
Light Mfg,1000000,2500000,4.0,1.105171,154.470015,0.10,0.553689
Light Mfg,1000000,2500000,4.0,1.105171,154.470015,0.12,0.587453
Light Mfg,1000000,2500000,4.0,1.105171,154.470015,0.14,0.616268
Light Mfg,1000000,2500000,4.0,1.105171,154.470015,0.16,0.641408
Light Mfg,1000000,2500000,4.0,1.105171,154.470015,0.18,0.663711
Light Mfg,1000000,2500000,4.0,1.105171,154.470015,0.20,0.683755
Light Mfg,1000000,2500000,4.0,1.105171,154.470015,0.22,0.701961
Light Mfg,1000000,2500000,4.0,1.105171,154.470015,0.24,0.718640
Light Mfg,1000000,2500000,4.0,1.105171,154.470015,0.26,0.734030
Light Mfg,1000000,2500000,4.0,1.105171,154.470015,0.28,0.748320
Light Mfg,1000000,2500000,4.0,1.105171,154.470015,0.30,0.761657
Light Mfg,1000000,2500000,4.0,1.105171,154.470015,0.32,0.774162
Light Mfg,1000000,2500000,4.0,1.105171,154.470015,0.34,0.785935
Light Mfg,1000000,2500000,4.0,1.105171,154.470015,0.36,0.797057
Light Mfg,1000000,2500000,4.0,1.105171,154.470015,0.38,0.807599
Light Mfg,1000000,2500000,4.0,1.105171,154.470015,0.40,0.817618
Light Mfg,1000000,2500000,4.0,1.105171,154.470015,0.42,0.827164
Light Mfg,1000000,2500000,4.0,1.105171,154.470015,0.44,0.836282
Light Mfg,1000000,2500000,4.0,1.105171,154.470015,0.46,0.845009
Light Mfg,1000000,2500000,4.0,1.105171,154.470015,0.48,0.853377
Light Mfg,1000000,2500000,4.0,1.105171,154.470015,0.50,0.861416
Light Mfg,1000000,2500000,4.0,1.105171,154.470015,0.52,0.869151
Light Mfg,1000000,2500000,4.0,1.105171,154.470015,0.54,0.876605
Light Mfg,1000000,2500000,4.0,1.105171,154.470015,0.56,0.883798
Light Mfg,1000000,2500000,4.0,1.105171,154.470015,0.58,0.890748
Light Mfg,1000000,2500000,4.0,1.105171,154.470015,0.60,0.897472
Light Mfg,1000000,2500000,4.0,1.105171,154.470015,0.62,0.903983
Light Mfg,1000000,2500000,4.0,1.105171,154.470015,0.64,0.910297
Light Mfg,1000000,2500000,4.0,1.105171,154.470015,0.66,0.916423
Light Mfg,1000000,2500000,4.0,1.105171,154.470015,0.68,0.922375
Light Mfg,1000000,2500000,4.0,1.105171,154.470015,0.70,0.928161
Light Mfg,1000000,2500000,4.0,1.105171,154.470015,0.72,0.933791
Light Mfg,1000000,2500000,4.0,1.105171,154.470015,0.74,0.939274
Light Mfg,1000000,2500000,4.0,1.105171,154.470015,0.76,0.944617
Light Mfg,1000000,2500000,4.0,1.105171,154.470015,0.78,0.949827
Light Mfg,1000000,2500000,4.0,1.105171,154.470015,0.80,0.954911
Light Mfg,1000000,2500000,4.0,1.105171,154.470015,0.82,0.959876
Light Mfg,1000000,2500000,4.0,1.105171,154.470015,0.84,0.964727
Light Mfg,1000000,2500000,4.0,1.105171,154.470015,0.86,0.969469
Light Mfg,1000000,2500000,4.0,1.105171,154.470015,0.88,0.974107
Light Mfg,1000000,2500000,4.0,1.105171,154.470015,0.90,0.978647
Light Mfg,1000000,2500000,4.0,1.105171,154.470015,0.92,0.983091
Light Mfg,1000000,2500000,4.0,1.105171,154.470015,0.94,0.987445
Light Mfg,1000000,2500000,4.0,1.105171,154.470015,0.96,0.991712
Light Mfg,1000000,2500000,4.0,1.105171,154.470015,0.98,0.995896
Light Mfg,1000000,2500000,4.0,1.105171,154.470015,1.00,1.000000
Light Mfg,2500000,5000000,4.0,1.105171,154.470015,0.00,0.000000
Light Mfg,2500000,5000000,4.0,1.105171,154.470015,0.02,0.280614
Light Mfg,2500000,5000000,4.0,1.105171,154.470015,0.04,0.391167
Light Mfg,2500000,5000000,4.0,1.105171,154.470015,0.06,0.461344
Light Mfg,2500000,5000000,4.0,1.105171,154.470015,0.08,0.512899
Light Mfg,2500000,5000000,4.0,1.105171,154.470015,0.10,0.553689
Light Mfg,2500000,5000000,4.0,1.105171,154.470015,0.12,0.587453
Light Mfg,2500000,5000000,4.0,1.105171,154.470015,0.14,0.616268
Light Mfg,2500000,5000000,4.0,1.105171,154.470015,0.16,0.641408
Light Mfg,2500000,5000000,4.0,1.105171,154.470015,0.18,0.663711
Light Mfg,2500000,5000000,4.0,1.105171,154.470015,0.20,0.683755
Light Mfg,2500000,5000000,4.0,1.105171,154.470015,0.22,0.701961
Light Mfg,2500000,5000000,4.0,1.105171,154.470015,0.24,0.718640
Light Mfg,2500000,5000000,4.0,1.105171,154.470015,0.26,0.734030
Light Mfg,2500000,5000000,4.0,1.105171,154.470015,0.28,0.748320
Light Mfg,2500000,5000000,4.0,1.105171,154.470015,0.30,0.761657
Light Mfg,2500000,5000000,4.0,1.105171,154.470015,0.32,0.774162
Light Mfg,2500000,5000000,4.0,1.105171,154.470015,0.34,0.785935
Light Mfg,2500000,5000000,4.0,1.105171,154.470015,0.36,0.797057
Light Mfg,2500000,5000000,4.0,1.105171,154.470015,0.38,0.807599
Light Mfg,2500000,5000000,4.0,1.105171,154.470015,0.40,0.817618
Light Mfg,2500000,5000000,4.0,1.105171,154.470015,0.42,0.827164
Light Mfg,2500000,5000000,4.0,1.105171,154.470015,0.44,0.836282
Light Mfg,2500000,5000000,4.0,1.105171,154.470015,0.46,0.845009
Light Mfg,2500000,5000000,4.0,1.105171,154.470015,0.48,0.853377
Light Mfg,2500000,5000000,4.0,1.105171,154.470015,0.50,0.861416
Light Mfg,2500000,5000000,4.0,1.105171,154.470015,0.52,0.869151
Light Mfg,2500000,5000000,4.0,1.105171,154.470015,0.54,0.876605
Light Mfg,2500000,5000000,4.0,1.105171,154.470015,0.56,0.883798
Light Mfg,2500000,5000000,4.0,1.105171,154.470015,0.58,0.890748
Light Mfg,2500000,5000000,4.0,1.105171,154.470015,0.60,0.897472
Light Mfg,2500000,5000000,4.0,1.105171,154.470015,0.62,0.903983
Light Mfg,2500000,5000000,4.0,1.105171,154.470015,0.64,0.910297
Light Mfg,2500000,5000000,4.0,1.105171,154.470015,0.66,0.916423
Light Mfg,2500000,5000000,4.0,1.105171,154.470015,0.68,0.922375
Light Mfg,2500000,5000000,4.0,1.105171,154.470015,0.70,0.928161
Light Mfg,2500000,5000000,4.0,1.105171,154.470015,0.72,0.933791
Light Mfg,2500000,5000000,4.0,1.105171,154.470015,0.74,0.939274
Light Mfg,2500000,5000000,4.0,1.105171,154.470015,0.76,0.944617
Light Mfg,2500000,5000000,4.0,1.105171,154.470015,0.78,0.949827
Light Mfg,2500000,5000000,4.0,1.105171,154.470015,0.80,0.954911
Light Mfg,2500000,5000000,4.0,1.105171,154.470015,0.82,0.959876
Light Mfg,2500000,5000000,4.0,1.105171,154.470015,0.84,0.964727
Light Mfg,2500000,5000000,4.0,1.105171,154.470015,0.86,0.969469
Light Mfg,2500000,5000000,4.0,1.105171,154.470015,0.88,0.974107
Light Mfg,2500000,5000000,4.0,1.105171,154.470015,0.90,0.978647
Light Mfg,2500000,5000000,4.0,1.105171,154.470015,0.92,0.983091
Light Mfg,2500000,5000000,4.0,1.105171,154.470015,0.94,0.987445
Light Mfg,2500000,5000000,4.0,1.105171,154.470015,0.96,0.991712
Light Mfg,2500000,5000000,4.0,1.105171,154.470015,0.98,0.995896
Light Mfg,2500000,5000000,4.0,1.105171,154.470015,1.00,1.000000
Light Mfg,5000000,10000000,5.0,0.246597,992.274716,0.00,0.000000
Light Mfg,5000000,10000000,5.0,0.246597,992.274716,0.02,0.417395
Light Mfg,5000000,10000000,5.0,0.246597,992.274716,0.04,0.531637
Light Mfg,5000000,10000000,5.0,0.246597,992.274716,0.06,0.599649
Light Mfg,5000000,10000000,5.0,0.246597,992.274716,0.08,0.647834
Light Mfg,5000000,10000000,5.0,0.246597,992.274716,0.10,0.684937
Light Mfg,5000000,10000000,5.0,0.246597,992.274716,0.12,0.714952
Light Mfg,5000000,10000000,5.0,0.246597,992.274716,0.14,0.740044
Light Mfg,5000000,10000000,5.0,0.246597,992.274716,0.16,0.761514
Light Mfg,5000000,10000000,5.0,0.246597,992.274716,0.18,0.780211
Light Mfg,5000000,10000000,5.0,0.246597,992.274716,0.20,0.796716
Light Mfg,5000000,10000000,5.0,0.246597,992.274716,0.22,0.811445
Light Mfg,5000000,10000000,5.0,0.246597,992.274716,0.24,0.824707
Light Mfg,5000000,10000000,5.0,0.246597,992.274716,0.26,0.836737
Light Mfg,5000000,10000000,5.0,0.246597,992.274716,0.28,0.847718
Light Mfg,5000000,10000000,5.0,0.246597,992.274716,0.30,0.857795
Light Mfg,5000000,10000000,5.0,0.246597,992.274716,0.32,0.867086
Light Mfg,5000000,10000000,5.0,0.246597,992.274716,0.34,0.875686
Light Mfg,5000000,10000000,5.0,0.246597,992.274716,0.36,0.883677
Light Mfg,5000000,10000000,5.0,0.246597,992.274716,0.38,0.891123
Light Mfg,5000000,10000000,5.0,0.246597,992.274716,0.40,0.898083
Light Mfg,5000000,10000000,5.0,0.246597,992.274716,0.42,0.904605
Light Mfg,5000000,10000000,5.0,0.246597,992.274716,0.44,0.910730
Light Mfg,5000000,10000000,5.0,0.246597,992.274716,0.46,0.916494
Light Mfg,5000000,10000000,5.0,0.246597,992.274716,0.48,0.921929
Light Mfg,5000000,10000000,5.0,0.246597,992.274716,0.50,0.927062
Light Mfg,5000000,10000000,5.0,0.246597,992.274716,0.52,0.931919
Light Mfg,5000000,10000000,5.0,0.246597,992.274716,0.54,0.936520
Light Mfg,5000000,10000000,5.0,0.246597,992.274716,0.56,0.940885
Light Mfg,5000000,10000000,5.0,0.246597,992.274716,0.58,0.945031
Light Mfg,5000000,10000000,5.0,0.246597,992.274716,0.60,0.948975
Light Mfg,5000000,10000000,5.0,0.246597,992.274716,0.62,0.952729
Light Mfg,5000000,10000000,5.0,0.246597,992.274716,0.64,0.956306
Light Mfg,5000000,10000000,5.0,0.246597,992.274716,0.66,0.959719
Light Mfg,5000000,10000000,5.0,0.246597,992.274716,0.68,0.962977
Light Mfg,5000000,10000000,5.0,0.246597,992.274716,0.70,0.966090
Light Mfg,5000000,10000000,5.0,0.246597,992.274716,0.72,0.969067
Light Mfg,5000000,10000000,5.0,0.246597,992.274716,0.74,0.971915
Light Mfg,5000000,10000000,5.0,0.246597,992.274716,0.76,0.974643
Light Mfg,5000000,10000000,5.0,0.246597,992.274716,0.78,0.977257
Light Mfg,5000000,10000000,5.0,0.246597,992.274716,0.80,0.979763
Light Mfg,5000000,10000000,5.0,0.246597,992.274716,0.82,0.982167
Light Mfg,5000000,10000000,5.0,0.246597,992.274716,0.84,0.984475
Light Mfg,5000000,10000000,5.0,0.246597,992.274716,0.86,0.986692
Light Mfg,5000000,10000000,5.0,0.246597,992.274716,0.88,0.988821
Light Mfg,5000000,10000000,5.0,0.246597,992.274716,0.90,0.990868
Light Mfg,5000000,10000000,5.0,0.246597,992.274716,0.92,0.992837
Light Mfg,5000000,10000000,5.0,0.246597,992.274716,0.94,0.994731
Light Mfg,5000000,10000000,5.0,0.246597,992.274716,0.96,0.996554
Light Mfg,5000000,10000000,5.0,0.246597,992.274716,0.98,0.998309
Light Mfg,5000000,10000000,5.0,0.246597,992.274716,1.00,1.000000
Light Mfg,10000000,1000000000,5.0,0.246597,992.274716,0.00,0.000000
Light Mfg,10000000,1000000000,5.0,0.246597,992.274716,0.02,0.417395
Light Mfg,10000000,1000000000,5.0,0.246597,992.274716,0.04,0.531637
Light Mfg,10000000,1000000000,5.0,0.246597,992.274716,0.06,0.599649
Light Mfg,10000000,1000000000,5.0,0.246597,992.274716,0.08,0.647834
Light Mfg,10000000,1000000000,5.0,0.246597,992.274716,0.10,0.684937
Light Mfg,10000000,1000000000,5.0,0.246597,992.274716,0.12,0.714952
Light Mfg,10000000,1000000000,5.0,0.246597,992.274716,0.14,0.740044
Light Mfg,10000000,1000000000,5.0,0.246597,992.274716,0.16,0.761514
Light Mfg,10000000,1000000000,5.0,0.246597,992.274716,0.18,0.780211
Light Mfg,10000000,1000000000,5.0,0.246597,992.274716,0.20,0.796716
Light Mfg,10000000,1000000000,5.0,0.246597,992.274716,0.22,0.811445
Light Mfg,10000000,1000000000,5.0,0.246597,992.274716,0.24,0.824707
Light Mfg,10000000,1000000000,5.0,0.246597,992.274716,0.26,0.836737
Light Mfg,10000000,1000000000,5.0,0.246597,992.274716,0.28,0.847718
Light Mfg,10000000,1000000000,5.0,0.246597,992.274716,0.30,0.857795
Light Mfg,10000000,1000000000,5.0,0.246597,992.274716,0.32,0.867086
Light Mfg,10000000,1000000000,5.0,0.246597,992.274716,0.34,0.875686
Light Mfg,10000000,1000000000,5.0,0.246597,992.274716,0.36,0.883677
Light Mfg,10000000,1000000000,5.0,0.246597,992.274716,0.38,0.891123
Light Mfg,10000000,1000000000,5.0,0.246597,992.274716,0.40,0.898083
Light Mfg,10000000,1000000000,5.0,0.246597,992.274716,0.42,0.904605
Light Mfg,10000000,1000000000,5.0,0.246597,992.274716,0.44,0.910730
Light Mfg,10000000,1000000000,5.0,0.246597,992.274716,0.46,0.916494
Light Mfg,10000000,1000000000,5.0,0.246597,992.274716,0.48,0.921929
Light Mfg,10000000,1000000000,5.0,0.246597,992.274716,0.50,0.927062
Light Mfg,10000000,1000000000,5.0,0.246597,992.274716,0.52,0.931919
Light Mfg,10000000,1000000000,5.0,0.246597,992.274716,0.54,0.936520
Light Mfg,10000000,1000000000,5.0,0.246597,992.274716,0.56,0.940885
Light Mfg,10000000,1000000000,5.0,0.246597,992.274716,0.58,0.945031
Light Mfg,10000000,1000000000,5.0,0.246597,992.274716,0.60,0.948975
Light Mfg,10000000,1000000000,5.0,0.246597,992.274716,0.62,0.952729
Light Mfg,10000000,1000000000,5.0,0.246597,992.274716,0.64,0.956306
Light Mfg,10000000,1000000000,5.0,0.246597,992.274716,0.66,0.959719
Light Mfg,10000000,1000000000,5.0,0.246597,992.274716,0.68,0.962977
Light Mfg,10000000,1000000000,5.0,0.246597,992.274716,0.70,0.966090
Light Mfg,10000000,1000000000,5.0,0.246597,992.274716,0.72,0.969067
Light Mfg,10000000,1000000000,5.0,0.246597,992.274716,0.74,0.971915
Light Mfg,10000000,1000000000,5.0,0.246597,992.274716,0.76,0.974643
Light Mfg,10000000,1000000000,5.0,0.246597,992.274716,0.78,0.977257
Light Mfg,10000000,1000000000,5.0,0.246597,992.274716,0.80,0.979763
Light Mfg,10000000,1000000000,5.0,0.246597,992.274716,0.82,0.982167
Light Mfg,10000000,1000000000,5.0,0.246597,992.274716,0.84,0.984475
Light Mfg,10000000,1000000000,5.0,0.246597,992.274716,0.86,0.986692
Light Mfg,10000000,1000000000,5.0,0.246597,992.274716,0.88,0.988821
Light Mfg,10000000,1000000000,5.0,0.246597,992.274716,0.90,0.990868
Light Mfg,10000000,1000000000,5.0,0.246597,992.274716,0.92,0.992837
Light Mfg,10000000,1000000000,5.0,0.246597,992.274716,0.94,0.994731
Light Mfg,10000000,1000000000,5.0,0.246597,992.274716,0.96,0.996554
Light Mfg,10000000,1000000000,5.0,0.246597,992.274716,0.98,0.998309
Light Mfg,10000000,1000000000,5.0,0.246597,992.274716,1.00,1.000000
