treaty_id,treaty_year,treaty_type,lines_covered,basis,attachment,occurrence_limit,aggregate_limit,reinstatements,reinstatement_premium_pct,ceded_pct,ceding_commission_pct,sliding_scale_min,sliding_scale_max,sliding_scale_provisional,profit_commission_pct,rate_on_line,rate_pct_of_subject_premium,minimum_deposit_premium,subject_premium_basis,brokerage_pct,placement_notes
CAT-1,2016,XOL-CAT,CP,Losses occurring,10000000,60000000,120000000,1,100.0,,,,,,,11.00,,6600000,Flat premium,10.0,Each loss occurrence (72-hour clause). Reinstatement pro rata as to amount. Per-risk and facultative recoveries inure to the benefit of this treaty.
CAT-1,2017,XOL-CAT,CP,Losses occurring,10000000,60000000,120000000,1,100.0,,,,,,,11.00,,6600000,Flat premium,10.0,Each loss occurrence (72-hour clause). Reinstatement pro rata as to amount. Per-risk and facultative recoveries inure to the benefit of this treaty.
CAT-1,2018,XOL-CAT,CP,Losses occurring,10000000,60000000,120000000,1,100.0,,,,,,,12.50,,7500000,Flat premium,10.0,Each loss occurrence (72-hour clause). Reinstatement pro rata as to amount. Per-risk and facultative recoveries inure to the benefit of this treaty.
CAT-1,2019,XOL-CAT,CP,Losses occurring,10000000,60000000,120000000,1,100.0,,,,,,,12.50,,7500000,Flat premium,10.0,Each loss occurrence (72-hour clause). Reinstatement pro rata as to amount. Per-risk and facultative recoveries inure to the benefit of this treaty.
CAT-1,2020,XOL-CAT,CP,Losses occurring,10000000,60000000,120000000,1,100.0,,,,,,,12.00,,7200000,Flat premium,10.0,Each loss occurrence (72-hour clause). Reinstatement pro rata as to amount. Per-risk and facultative recoveries inure to the benefit of this treaty.
CAT-1,2021,XOL-CAT,CP,Losses occurring,15000000,75000000,150000000,1,100.0,,,,,,,13.00,,9750000,Flat premium,10.0,Each loss occurrence (72-hour clause). Reinstatement pro rata as to amount. Per-risk and facultative recoveries inure to the benefit of this treaty.
CAT-1,2022,XOL-CAT,CP,Losses occurring,15000000,75000000,150000000,1,100.0,,,,,,,13.00,,9750000,Flat premium,10.0,Each loss occurrence (72-hour clause). Reinstatement pro rata as to amount. Per-risk and facultative recoveries inure to the benefit of this treaty.
CAT-1,2023,XOL-CAT,CP,Losses occurring,15000000,75000000,150000000,1,100.0,,,,,,,12.50,,9375000,Flat premium,10.0,Each loss occurrence (72-hour clause). Reinstatement pro rata as to amount. Per-risk and facultative recoveries inure to the benefit of this treaty.
CAT-1,2024,XOL-CAT,CP,Losses occurring,15000000,75000000,150000000,1,100.0,,,,,,,12.00,,9000000,Flat premium,10.0,Each loss occurrence (72-hour clause). Reinstatement pro rata as to amount. Per-risk and facultative recoveries inure to the benefit of this treaty.
CAT-1,2025,XOL-CAT,CP,Losses occurring,15000000,75000000,150000000,1,100.0,,,,,,,11.50,,8625000,Flat premium,10.0,Each loss occurrence (72-hour clause). Reinstatement pro rata as to amount. Per-risk and facultative recoveries inure to the benefit of this treaty.
CXL-1,2016,XOL-CASUALTY,CA;GL;WC,Losses occurring,1000000,4000000,,Unlimited,0.0,,,,,,,,4.50,1435000,"Gross net earned premium income, CA + GL + WC",10.0,Per occurrence; retention and limit apply to indemnity; allocated loss adjustment expense shared pro rata.
CXL-1,2017,XOL-CASUALTY,CA;GL;WC,Losses occurring,1000000,4000000,,Unlimited,0.0,,,,,,,,4.50,2786000,"Gross net earned premium income, CA + GL + WC",10.0,Per occurrence; retention and limit apply to indemnity; allocated loss adjustment expense shared pro rata.
CXL-1,2018,XOL-CASUALTY,CA;GL;WC,Losses occurring,1000000,4000000,,Unlimited,0.0,,,,,,,,4.50,2848000,"Gross net earned premium income, CA + GL + WC",10.0,Per occurrence; retention and limit apply to indemnity; allocated loss adjustment expense shared pro rata.
CXL-1,2019,XOL-CASUALTY,CA;GL;WC,Losses occurring,1000000,4000000,,Unlimited,0.0,,,,,,,,4.50,3071000,"Gross net earned premium income, CA + GL + WC",10.0,Per occurrence; retention and limit apply to indemnity; allocated loss adjustment expense shared pro rata.
CXL-1,2020,XOL-CASUALTY,CA;GL;WC,Losses occurring,1000000,4000000,,Unlimited,0.0,,,,,,,,4.50,3297000,"Gross net earned premium income, CA + GL + WC",10.0,Per occurrence; retention and limit apply to indemnity; allocated loss adjustment expense shared pro rata.
CXL-1,2021,XOL-CASUALTY,CA;GL;WC,Losses occurring,1000000,4000000,,Unlimited,0.0,,,,,,,,4.50,3602000,"Gross net earned premium income, CA + GL + WC",10.0,Per occurrence; retention and limit apply to indemnity; allocated loss adjustment expense shared pro rata.
CXL-1,2022,XOL-CASUALTY,CA;GL;WC,Losses occurring,1000000,4000000,,Unlimited,0.0,,,,,,,,4.50,4177000,"Gross net earned premium income, CA + GL + WC",10.0,Per occurrence; retention and limit apply to indemnity; allocated loss adjustment expense shared pro rata.
CXL-1,2023,XOL-CASUALTY,CA;GL;WC,Losses occurring,1000000,4000000,,Unlimited,0.0,,,,,,,,4.50,4864000,"Gross net earned premium income, CA + GL + WC",10.0,Per occurrence; retention and limit apply to indemnity; allocated loss adjustment expense shared pro rata.
CXL-1,2024,XOL-CASUALTY,CA;GL;WC,Losses occurring,1000000,4000000,,Unlimited,0.0,,,,,,,,4.50,5752000,"Gross net earned premium income, CA + GL + WC",10.0,Per occurrence; retention and limit apply to indemnity; allocated loss adjustment expense shared pro rata.
CXL-1,2025,XOL-CASUALTY,CA;GL;WC,Losses occurring,1000000,4000000,,Unlimited,0.0,,,,,,,,4.50,6781000,"Gross net earned premium income, CA + GL + WC",10.0,Per occurrence; retention and limit apply to indemnity; allocated loss adjustment expense shared pro rata.
CXL-2,2020,XOL-CASUALTY,CA;GL;WC,Losses occurring,5000000,5000000,10000000,1,100.0,,,,,,,6.50,,325000,Flat premium,10.0,Per occurrence; retention and limit apply to indemnity; allocated loss adjustment expense shared pro rata. Reinstatement pro rata as to amount.
CXL-2,2021,XOL-CASUALTY,CA;GL;WC,Losses occurring,5000000,5000000,10000000,1,100.0,,,,,,,7.00,,350000,Flat premium,10.0,Per occurrence; retention and limit apply to indemnity; allocated loss adjustment expense shared pro rata. Reinstatement pro rata as to amount.
CXL-2,2022,XOL-CASUALTY,CA;GL;WC,Losses occurring,5000000,5000000,10000000,1,100.0,,,,,,,7.20,,360000,Flat premium,10.0,Per occurrence; retention and limit apply to indemnity; allocated loss adjustment expense shared pro rata. Reinstatement pro rata as to amount.
CXL-2,2023,XOL-CASUALTY,CA;GL;WC,Losses occurring,5000000,5000000,10000000,1,100.0,,,,,,,7.50,,375000,Flat premium,10.0,Per occurrence; retention and limit apply to indemnity; allocated loss adjustment expense shared pro rata. Reinstatement pro rata as to amount.
CXL-2,2024,XOL-CASUALTY,CA;GL;WC,Losses occurring,5000000,5000000,10000000,1,100.0,,,,,,,7.80,,390000,Flat premium,10.0,Per occurrence; retention and limit apply to indemnity; allocated loss adjustment expense shared pro rata. Reinstatement pro rata as to amount.
CXL-2,2025,XOL-CASUALTY,CA;GL;WC,Losses occurring,5000000,5000000,10000000,1,100.0,,,,,,,7.80,,390000,Flat premium,10.0,Per occurrence; retention and limit apply to indemnity; allocated loss adjustment expense shared pro rata. Reinstatement pro rata as to amount.
FAC,2016,FAC,CP,Losses occurring,10000000,,,,,100.0,,,,,,,,,Individual risk certificates,,Facultative excess certificates on locations with total insured value above the attachment; 100% of each loss above the attachment per location.
FAC,2017,FAC,CP,Losses occurring,10000000,,,,,100.0,,,,,,,,,Individual risk certificates,,Facultative excess certificates on locations with total insured value above the attachment; 100% of each loss above the attachment per location.
FAC,2018,FAC,CP,Losses occurring,10000000,,,,,100.0,,,,,,,,,Individual risk certificates,,Facultative excess certificates on locations with total insured value above the attachment; 100% of each loss above the attachment per location.
FAC,2019,FAC,CP,Losses occurring,10000000,,,,,100.0,,,,,,,,,Individual risk certificates,,Facultative excess certificates on locations with total insured value above the attachment; 100% of each loss above the attachment per location.
FAC,2020,FAC,CP,Losses occurring,10000000,,,,,100.0,,,,,,,,,Individual risk certificates,,Facultative excess certificates on locations with total insured value above the attachment; 100% of each loss above the attachment per location.
FAC,2021,FAC,CP,Losses occurring,10000000,,,,,100.0,,,,,,,,,Individual risk certificates,,Facultative excess certificates on locations with total insured value above the attachment; 100% of each loss above the attachment per location.
FAC,2022,FAC,CP,Losses occurring,10000000,,,,,100.0,,,,,,,,,Individual risk certificates,,Facultative excess certificates on locations with total insured value above the attachment; 100% of each loss above the attachment per location.
FAC,2023,FAC,CP,Losses occurring,10000000,,,,,100.0,,,,,,,,,Individual risk certificates,,Facultative excess certificates on locations with total insured value above the attachment; 100% of each loss above the attachment per location.
FAC,2024,FAC,CP,Losses occurring,10000000,,,,,100.0,,,,,,,,,Individual risk certificates,,Facultative excess certificates on locations with total insured value above the attachment; 100% of each loss above the attachment per location.
FAC,2025,FAC,CP,Losses occurring,10000000,,,,,100.0,,,,,,,,,Individual risk certificates,,Facultative excess certificates on locations with total insured value above the attachment; 100% of each loss above the attachment per location.
PRX-1,2016,XOL-RISK,CP,Losses occurring,1000000,9000000,27000000,2,0.0,,,,,,,,3.20,529000,"Gross net earned premium income, CP",10.0,"Each risk (location), each loss. First reinstatement free, second at 100%. Facultative inures to the benefit of this treaty."
PRX-1,2017,XOL-RISK,CP,Losses occurring,1000000,9000000,27000000,2,0.0,,,,,,,,3.20,1086000,"Gross net earned premium income, CP",10.0,"Each risk (location), each loss. First reinstatement free, second at 100%. Facultative inures to the benefit of this treaty."
PRX-1,2018,XOL-RISK,CP,Losses occurring,1000000,9000000,27000000,2,0.0,,,,,,,,3.20,1133000,"Gross net earned premium income, CP",10.0,"Each risk (location), each loss. First reinstatement free, second at 100%. Facultative inures to the benefit of this treaty."
PRX-1,2019,XOL-RISK,CP,Losses occurring,1000000,9000000,27000000,2,0.0,,,,,,,,3.20,1232000,"Gross net earned premium income, CP",10.0,"Each risk (location), each loss. First reinstatement free, second at 100%. Facultative inures to the benefit of this treaty."
PRX-1,2020,XOL-RISK,CP,Losses occurring,1000000,9000000,27000000,2,0.0,,,,,,,,3.20,1352000,"Gross net earned premium income, CP",10.0,"Each risk (location), each loss. First reinstatement free, second at 100%. Facultative inures to the benefit of this treaty."
PRX-1,2021,XOL-RISK,CP,Losses occurring,1000000,9000000,27000000,2,0.0,,,,,,,,3.20,1459000,"Gross net earned premium income, CP",10.0,"Each risk (location), each loss. First reinstatement free, second at 100%. Facultative inures to the benefit of this treaty."
PRX-1,2022,XOL-RISK,CP,Losses occurring,1000000,9000000,27000000,2,0.0,,,,,,,,3.20,1598000,"Gross net earned premium income, CP",10.0,"Each risk (location), each loss. First reinstatement free, second at 100%. Facultative inures to the benefit of this treaty."
PRX-1,2023,XOL-RISK,CP,Losses occurring,1000000,9000000,27000000,2,0.0,,,,,,,,3.20,1872000,"Gross net earned premium income, CP",10.0,"Each risk (location), each loss. First reinstatement free, second at 100%. Facultative inures to the benefit of this treaty."
PRX-1,2024,XOL-RISK,CP,Losses occurring,1000000,9000000,27000000,2,0.0,,,,,,,,3.20,2150000,"Gross net earned premium income, CP",10.0,"Each risk (location), each loss. First reinstatement free, second at 100%. Facultative inures to the benefit of this treaty."
PRX-1,2025,XOL-RISK,CP,Losses occurring,1000000,9000000,27000000,2,0.0,,,,,,,,3.20,2367000,"Gross net earned premium income, CP",10.0,"Each risk (location), each loss. First reinstatement free, second at 100%. Facultative inures to the benefit of this treaty."
QS-CA,2016,QS,CA,Losses occurring,,,,,,20.0,28.0,24.0,32.0,28.0,,,,,"Gross written premium, commercial auto (all coverages)",1.0,Commission slides from 32% at a 55% loss ratio to 24% at a 75% loss ratio; linear between. Applies to losses net of casualty excess recoveries.
QS-CA,2017,QS,CA,Losses occurring,,,,,,20.0,28.0,24.0,32.0,28.0,,,,,"Gross written premium, commercial auto (all coverages)",1.0,Commission slides from 32% at a 55% loss ratio to 24% at a 75% loss ratio; linear between. Applies to losses net of casualty excess recoveries.
QS-CA,2018,QS,CA,Losses occurring,,,,,,20.0,28.0,24.0,32.0,28.0,,,,,"Gross written premium, commercial auto (all coverages)",1.0,Commission slides from 32% at a 55% loss ratio to 24% at a 75% loss ratio; linear between. Applies to losses net of casualty excess recoveries.
QS-CA,2019,QS,CA,Losses occurring,,,,,,20.0,28.0,24.0,32.0,28.0,,,,,"Gross written premium, commercial auto (all coverages)",1.0,Commission slides from 32% at a 55% loss ratio to 24% at a 75% loss ratio; linear between. Applies to losses net of casualty excess recoveries.
QS-CA,2020,QS,CA,Losses occurring,,,,,,20.0,28.0,24.0,32.0,28.0,,,,,"Gross written premium, commercial auto (all coverages)",1.0,Commission slides from 32% at a 55% loss ratio to 24% at a 75% loss ratio; linear between. Applies to losses net of casualty excess recoveries.
QS-CA,2021,QS,CA,Losses occurring,,,,,,20.0,28.0,24.0,32.0,28.0,,,,,"Gross written premium, commercial auto (all coverages)",1.0,Commission slides from 32% at a 55% loss ratio to 24% at a 75% loss ratio; linear between. Applies to losses net of casualty excess recoveries.
