state,county,territory,cat_region,coastal_flag,zip3
TX,Harris,TX01,TX-GULF,N,770
TX,Fort Bend,TX01,TX-GULF,N,774
TX,Montgomery,TX01,TX-GULF,N,773
TX,Galveston,TX02,TX-COAST,Y,775
TX,Brazoria,TX02,TX-COAST,Y,775
TX,Nueces,TX02,TX-COAST,Y,784
TX,Cameron,TX02,TX-COAST,Y,785
TX,Dallas,TX03,TX-NORTH,N,752
TX,Tarrant,TX03,TX-NORTH,N,761
TX,Collin,TX03,TX-NORTH,N,750
TX,Denton,TX03,TX-NORTH,N,762
TX,Travis,TX04,TX-CENTRAL,N,787
TX,Bexar,TX04,TX-CENTRAL,N,782
TX,Williamson,TX04,TX-CENTRAL,N,786
TX,Hays,TX04,TX-CENTRAL,N,786
TX,Midland,TX05,TX-WEST,N,797
TX,Lubbock,TX05,TX-WEST,N,794
TX,El Paso,TX05,TX-WEST,N,799
TX,Ector,TX05,TX-WEST,N,797
TX,Smith,TX06,TX-EAST,N,757
TX,Jefferson,TX06,TX-COAST,Y,777
TX,Gregg,TX06,TX-EAST,N,756
LA,Orleans,LA01,LA-COAST,Y,701
LA,Jefferson,LA01,LA-COAST,Y,700
LA,St. Tammany,LA01,LA-COAST,Y,704
LA,East Baton Rouge,LA02,LA-SOUTH,N,708
LA,Lafayette,LA02,LA-SOUTH,N,705
LA,Calcasieu,LA02,LA-COAST,Y,706
LA,Caddo,LA03,LA-NORTH,N,711
LA,Ouachita,LA03,LA-NORTH,N,712
LA,Rapides,LA03,LA-NORTH,N,713
OK,Oklahoma,OK01,OK-CENTRAL,N,731
OK,Cleveland,OK01,OK-CENTRAL,N,730
OK,Canadian,OK01,OK-CENTRAL,N,730
OK,Tulsa,OK02,OK-EAST,N,741
OK,Wagoner,OK02,OK-EAST,N,740
OK,Rogers,OK02,OK-EAST,N,740
OK,Comanche,OK03,OK-CENTRAL,N,735
OK,Garfield,OK03,OK-CENTRAL,N,737
OK,Payne,OK03,OK-EAST,N,740
AR,Pulaski,AR01,AR,N,722
AR,Saline,AR01,AR,N,720
AR,Faulkner,AR01,AR,N,720
AR,Benton,AR02,AR,N,727
AR,Washington,AR02,AR,N,727
AR,Jefferson,AR03,AR,N,716
AR,Craighead,AR03,AR,N,724
AR,Sebastian,AR03,AR,N,729
NM,Bernalillo,NM01,NM,N,871
NM,Sandoval,NM01,NM,N,870
NM,Dona Ana,NM02,NM,N,880
NM,Otero,NM02,NM,N,883
NM,San Juan,NM03,NM,N,874
NM,Chaves,NM03,NM,N,882
NM,Lea,NM03,NM,N,882
CO,Denver,CO01,CO-FRONT,N,802
CO,Arapahoe,CO01,CO-FRONT,N,801
CO,Jefferson,CO01,CO-FRONT,N,804
CO,Adams,CO01,CO-FRONT,N,802
CO,El Paso,CO02,CO-FRONT,N,809
CO,Pueblo,CO02,CO-FRONT,N,810
CO,Larimer,CO03,CO-FRONT,N,805
CO,Weld,CO03,CO-FRONT,N,806
CO,Boulder,CO03,CO-FRONT,N,803
CO,Mesa,CO04,CO-MTN,N,815
CO,Garfield,CO04,CO-MTN,N,816
CO,Eagle,CO04,CO-MTN,N,816
