line,year,commission,other_acquisition,general,taxes_licenses,ulae_pct_of_loss
CA,2016,0.1500,0.0400,0.0600,0.0250,0.0600
CA,2017,0.1500,0.0400,0.0590,0.0250,0.0600
CA,2018,0.1500,0.0400,0.0580,0.0250,0.0600
CA,2019,0.1500,0.0400,0.0570,0.0250,0.0600
CA,2020,0.1500,0.0400,0.0560,0.0250,0.0600
CA,2021,0.1500,0.0400,0.0550,0.0250,0.0600
CA,2022,0.1500,0.0400,0.0540,0.0250,0.0600
CA,2023,0.1500,0.0400,0.0530,0.0250,0.0600
CA,2024,0.1500,0.0400,0.0520,0.0250,0.0600
CA,2025,0.1500,0.0400,0.0510,0.0250,0.0600
CA,2026,0.1500,0.0400,0.0500,0.0250,0.0600
CP,2016,0.1700,0.0350,0.0550,0.0250,0.0500
CP,2017,0.1700,0.0350,0.0540,0.0250,0.0500
CP,2018,0.1700,0.0350,0.0530,0.0250,0.0500
CP,2019,0.1700,0.0350,0.0520,0.0250,0.0500
CP,2020,0.1700,0.0350,0.0510,0.0250,0.0500
CP,2021,0.1700,0.0350,0.0500,0.0250,0.0500
CP,2022,0.1700,0.0350,0.0490,0.0250,0.0500
CP,2023,0.1700,0.0350,0.0480,0.0250,0.0500
CP,2024,0.1700,0.0350,0.0470,0.0250,0.0500
CP,2025,0.1700,0.0350,0.0460,0.0250,0.0500
CP,2026,0.1700,0.0350,0.0450,0.0250,0.0500
GL,2016,0.1500,0.0400,0.0600,0.0250,0.0700
GL,2017,0.1500,0.0400,0.0590,0.0250,0.0700
GL,2018,0.1500,0.0400,0.0580,0.0250,0.0700
GL,2019,0.1500,0.0400,0.0570,0.0250,0.0700
GL,2020,0.1500,0.0400,0.0560,0.0250,0.0700
GL,2021,0.1500,0.0400,0.0550,0.0250,0.0700
GL,2022,0.1500,0.0400,0.0540,0.0250,0.0700
GL,2023,0.1500,0.0400,0.0530,0.0250,0.0700
GL,2024,0.1500,0.0400,0.0520,0.0250,0.0700
GL,2025,0.1500,0.0400,0.0510,0.0250,0.0700
GL,2026,0.1500,0.0400,0.0500,0.0250,0.0700
WC,2016,0.0900,0.0350,0.0650,0.0300,0.0800
WC,2017,0.0900,0.0350,0.0640,0.0300,0.0800
WC,2018,0.0900,0.0350,0.0630,0.0300,0.0800
WC,2019,0.0900,0.0350,0.0620,0.0300,0.0800
WC,2020,0.0900,0.0350,0.0610,0.0300,0.0800
WC,2021,0.0900,0.0350,0.0600,0.0300,0.0800
WC,2022,0.0900,0.0350,0.0590,0.0300,0.0800
WC,2023,0.0900,0.0350,0.0580,0.0300,0.0800
WC,2024,0.0900,0.0350,0.0570,0.0300,0.0800
WC,2025,0.0900,0.0350,0.0560,0.0300,0.0800
WC,2026,0.0900,0.0350,0.0550,0.0300,0.0800
