line,effective_date,approved_rate_change_pct,notes
CA,2017-01-01,-8.7,Annual rate review; statewide average across classes and territories
CA,2018-01-01,-6.7,Annual rate review; statewide average across classes and territories
CA,2019-01-01,-1.3,Annual rate review; statewide average across classes and territories
CA,2020-01-01,4.8,Annual rate review; statewide average across classes and territories
CA,2021-01-01,7.6,Annual rate review; statewide average across classes and territories
CA,2022-01-01,10.0,Annual rate review; statewide average across classes and territories
CA,2023-01-01,12.5,Annual rate review; statewide average across classes and territories
CA,2024-01-01,15.0,Annual rate review; statewide average across classes and territories
CA,2025-01-01,11.9,Annual rate review; statewide average across classes and territories
GL,2017-01-01,0.8,Annual rate review; statewide average across classes and territories
GL,2018-01-01,1.4,Annual rate review; statewide average across classes and territories
GL,2019-01-01,2.1,Annual rate review; statewide average across classes and territories
GL,2020-01-01,2.7,Annual rate review; statewide average across classes and territories
GL,2021-01-01,3.4,Annual rate review; statewide average across classes and territories
GL,2022-01-01,4.0,Annual rate review; statewide average across classes and territories
GL,2023-01-01,4.6,Annual rate review; statewide average across classes and territories
GL,2024-01-01,5.3,Annual rate review; statewide average across classes and territories
GL,2025-01-01,5.9,Annual rate review; statewide average across classes and territories
CP,2017-01-01,-4.6,Annual rate review; statewide average across classes and territories
CP,2018-01-01,-3.5,Annual rate review; statewide average across classes and territories
CP,2019-01-01,-2.4,Annual rate review; statewide average across classes and territories
CP,2020-01-01,2.1,Annual rate review; statewide average across classes and territories
CP,2021-01-01,3.5,Annual rate review; statewide average across classes and territories
CP,2022-01-01,4.7,Annual rate review; statewide average across classes and territories
CP,2023-01-01,2.4,Annual rate review; statewide average across classes and territories
CP,2024-01-01,3.3,Annual rate review; statewide average across classes and territories
CP,2025-01-01,4.5,Annual rate review; statewide average across classes and territories
WC,2017-01-01,-2.0,Annual rate review; statewide average across classes and territories
WC,2018-01-01,-1.4,Annual rate review; statewide average across classes and territories
WC,2019-01-01,-0.8,Annual rate review; statewide average across classes and territories
WC,2020-01-01,-0.2,Annual rate review; statewide average across classes and territories
WC,2021-01-01,0.3,Annual rate review; statewide average across classes and territories
WC,2022-01-01,0.9,Annual rate review; statewide average across classes and territories
WC,2023-01-01,1.5,Annual rate review; statewide average across classes and territories
WC,2024-01-01,2.1,Annual rate review; statewide average across classes and territories
WC,2025-01-01,2.7,Annual rate review; statewide average across classes and territories
