event_id,mean_gross_loss,sd_independent,sd_correlated,exposure_value
EV00001,1575325,86944,708896,1892212000
EV00002,14415148,508886,6486817,3251925000
EV00003,2429159,97693,1093121,2534375000
EV00004,126556744,3795297,56950535,3251925000
EV00005,29259473,952159,13166763,3251925000
EV00006,70370111,2698489,31666550,1892212000
EV00007,21947400,866194,9876330,1892212000
EV00008,9851278,332637,4433075,1719424000
EV00009,23762125,718637,10692956,2534375000
EV00010,11819924,369806,5318966,2534375000
EV00011,23624076,783309,10630834,1719424000
EV00012,62995708,2086140,28348069,1719424000
EV00013,7093105,232374,3191897,2534375000
EV00014,37439048,1239847,16847572,1719424000
EV00015,85126096,2819529,38306743,1719424000
EV00016,11938849,398750,5372482,1719424000
EV00017,1858338,69547,836252,1719424000
EV00018,85347601,2826808,38406420,1719424000
EV00019,9923954,336276,4465779,1719424000
EV00020,3587008,126589,1614154,1719424000
EV00021,734130,54498,330358,3251925000
EV00022,56964253,1694770,25633914,2534375000
EV00023,4512544,158431,2030645,1719424000
EV00024,17908390,594906,8058775,1719424000
EV00025,17706181,587488,7967782,1719424000
EV00026,2306001,92748,1037701,2534375000
EV00027,24889179,825788,11200131,1719424000
EV00028,23610415,928525,10624687,1892212000
EV00029,153692080,4584843,69161436,3251925000
EV00030,7510447,246249,3379701,2534375000
EV00031,2184127,118948,982857,3251925000
EV00032,18477182,563896,8314732,2534375000
EV00033,29594778,891204,13317650,2534375000
EV00034,83635675,2482096,37636054,2534375000
EV00035,6490863,290994,2920888,1892212000
EV00036,59021182,1824792,26559532,3251925000
EV00037,3797778,133293,1709000,1719424000
EV00038,148495904,4438869,66823157,3251925000
EV00039,1962982,116220,883342,3251925000
EV00040,14368818,580826,6465968,1892212000
EV00041,76502061,2533679,34425927,1719424000
EV00042,140061339,4200821,63027602,3251925000
EV00043,24071287,798923,10832079,1719424000
EV00044,23810941,723659,10714924,2534375000
EV00045,9299137,395726,4184612,1892212000
EV00046,5419965,253484,2438984,3251925000
EV00047,65672769,2003606,29552746,3251925000
EV00048,108368260,3270722,48765717,3251925000
EV00049,31208562,937740,14043853,2534375000
EV00050,25424520,768570,11441034,2534375000
EV00051,12626841,422902,5682078,1719424000
EV00052,37829308,1252864,17023189,1719424000
EV00053,77572064,2972190,34907429,1892212000
EV00054,38087527,1261470,17139387,1719424000
EV00055,26824589,889062,12071065,1719424000
EV00056,8840028,281667,3978013,2534375000
EV00057,12848085,529283,5781638,1892212000
EV00058,83580038,3199722,37611017,1892212000
EV00059,8042665,271422,3619199,1719424000
EV00060,1767086,75283,795189,2534375000
EV00061,20868256,635819,9390715,2534375000
EV00062,27763151,836459,12493418,2534375000
EV00063,147838427,5628882,66527292,1892212000
EV00064,56294488,2164608,25332520,1892212000
EV00065,25849280,856597,11632176,1719424000
EV00066,92374303,2803861,41568437,3251925000
EV00067,77801300,2367454,35010585,3251925000
EV00068,6345585,214612,2855513,2534375000
EV00069,62330928,2395570,28048917,1892212000
EV00070,115970788,3433378,52186855,2534375000
EV00071,40290967,1205199,18130935,2534375000
EV00072,97275148,2937348,43773816,3251925000
EV00073,11959413,401114,5381736,1719424000
EV00074,41063016,1229158,18478357,2534375000
EV00075,30734153,1204104,13830369,1892212000
EV00076,4366287,152149,1964829,1719424000
EV00077,36109809,1195924,16249414,1719424000
EV00078,8303644,357015,3736640,1892212000
EV00079,1909690,71420,859360,1719424000
EV00080,2650369,134625,1192666,1892212000
EV00081,1466138,81692,659762,1892212000
EV00082,2527780,92345,1137501,1719424000
EV00083,5909847,201771,2659431,1719424000
EV00084,11788379,395830,5304771,1719424000
EV00085,1394238,89360,627407,3251925000
EV00086,17429721,702809,7843374,1892212000
EV00087,52720885,2036073,23724398,1892212000
EV00088,63097704,2430660,28393967,1892212000
EV00089,946194,56186,425787,1892212000
EV00090,3420873,166979,1539393,1892212000
EV00091,79652931,2637939,35843819,1719424000
EV00092,49036924,1889233,22066616,1892212000
EV00093,1873580,77851,843111,2534375000
EV00094,60601309,2006878,27270589,1719424000
EV00095,279875,25481,125944,3251925000
EV00096,338098,29771,152144,3251925000
EV00097,36872492,1432878,16592621,1892212000
EV00098,40677215,1347057,18304747,1719424000
EV00099,9252109,299498,4163449,2534375000
EV00100,83514719,2766005,37581624,1719424000
EV00101,28586696,919293,12864013,3251925000
EV00102,19878676,659573,8945404,1719424000
EV00103,37253986,1447661,16764294,1892212000
EV00104,5487781,234155,2469501,3251925000
EV00105,34105365,1332743,15347414,1892212000
EV00106,7196032,236572,3238214,2534375000
EV00107,38324052,1146230,17245823,2534375000
EV00108,30193159,1185431,13586922,1892212000
EV00109,76699120,2540146,34514604,1719424000
EV00110,17459733,604940,7856880,3251925000
EV00111,879351,52448,395708,1892212000
EV00112,2827964,148562,1272584,3251925000
EV00113,1673866,100334,753240,3251925000
EV00114,74473311,2856621,33512990,1892212000
EV00115,1688842,92814,759979,1892212000
EV00116,3747034,134318,1686165,2534375000
EV00117,74915108,2287458,33711799,3251925000
EV00118,22327093,679647,10047192,2534375000
EV00119,13344700,545016,6005115,1892212000
EV00120,7830837,338176,3523877,1892212000
EV00121,6373729,283977,2868178,1892212000
EV00122,40706763,1577781,18318043,1892212000
EV00123,12311240,411350,5540058,1719424000
EV00124,27861341,1100798,12537604,1892212000
EV00125,35843998,1075544,16129799,2534375000
EV00126,4160072,146668,1872032,1719424000
EV00127,8732798,295333,3929759,1719424000
EV00128,35336610,1060567,15901475,2534375000
EV00129,35711005,1070834,16069952,2534375000
EV00130,2882502,144510,1297126,1892212000
EV00131,36737046,1101336,16531671,2534375000
EV00132,59080289,1826102,26586130,3251925000
EV00133,38043784,1259919,17119703,1719424000
EV00134,6263991,274599,2818796,1892212000
EV00135,12842855,466220,5779285,3251925000
EV00136,42448418,1268657,19101788,2534375000
EV00137,5809603,199869,2614321,1719424000
EV00138,15637478,550845,7036865,3251925000
EV00139,72814687,2164616,32766609,2534375000
EV00140,819467,57678,368760,3251925000
EV00141,27157875,820000,12221044,2534375000
EV00142,22722591,901752,10225166,1892212000
EV00143,67675720,2241176,30454074,1719424000
EV00144,79572874,2635488,35807793,1719424000
EV00145,58593474,1789617,26367063,3251925000
EV00146,7985918,319241,3593663,3251925000
EV00147,69286557,2660170,31178951,1892212000
EV00148,57698409,2225718,25964284,1892212000
EV00149,2824151,146076,1270868,3251925000
EV00150,25551065,835607,11497979,3251925000
EV00151,19377456,590553,8719855,2534375000
EV00152,26303781,794391,11836701,2534375000
EV00153,18609286,744556,8374179,1892212000
EV00154,42198056,1634729,18989125,1892212000
EV00155,660659,41968,297297,1892212000
EV00156,7956048,255651,3580222,2534375000
EV00157,102162475,3083036,45973114,3251925000
EV00158,3104354,155016,1396959,3251925000
EV00159,8535884,271557,3841148,2534375000
EV00160,55074903,1640101,24783706,2534375000
EV00161,3360377,119904,1512169,1719424000
EV00162,27800366,1091614,12510165,1892212000
EV00163,83466915,2764408,37560112,1719424000
EV00164,10676526,337921,4804437,2534375000
EV00165,13790550,459988,6205748,1719424000
EV00166,5271657,247362,2372246,1892212000
EV00167,12199943,409897,5489974,1719424000
EV00168,2430736,89281,1093831,1719424000
EV00169,30018255,1173629,13508215,1892212000
EV00170,7878461,253849,3545307,2534375000
EV00171,10895195,402020,4902838,3251925000
EV00172,65883174,1959863,29647428,2534375000
EV00173,27831369,922568,12524116,1719424000
EV00174,4360885,153296,1962398,1719424000
EV00175,4924455,168660,2216005,2534375000
EV00176,20244430,689298,9109994,3251925000
EV00177,7864877,265555,3539195,1719424000
EV00178,560574,36098,252258,1892212000
EV00179,38912376,1288712,17510569,1719424000
EV00180,2862613,144541,1288176,1892212000
EV00181,45070406,1492651,20281683,1719424000
EV00182,63598427,2445419,28619292,1892212000
EV00183,10491206,394845,4721043,3251925000
EV00184,8647698,369852,3891464,1892212000
EV00185,12931815,406036,5819317,2534375000
EV00186,34348174,1030098,15456678,2534375000
EV00187,72927436,2415221,32817346,1719424000
EV00188,22284619,739394,10028079,1719424000
EV00189,5934505,202640,2670527,2534375000
EV00190,25172488,995279,11327619,1892212000
EV00191,1754934,65904,789720,1719424000
EV00192,22442098,744662,10098944,1719424000
EV00193,3905214,137064,1757347,1719424000
EV00194,33749730,1118092,15187379,1719424000
EV00195,166579162,4968433,74960623,3251925000
EV00196,52782280,2034507,23752026,1892212000
EV00197,64015151,1903278,28806818,2534375000
EV00198,25046549,809861,11270947,3251925000
EV00199,72142956,2145821,32464330,2534375000
EV00200,61166701,2025582,27525015,1719424000
EV00201,18794560,754712,8457552,1892212000
EV00202,1801166,98327,810525,1892212000
EV00203,2589990,135099,1165496,1892212000
EV00204,15263309,471171,6868489,2534375000
EV00205,81531061,3120202,36688977,1892212000
EV00206,1832486,75517,824619,2534375000
EV00207,11717629,423614,5272933,3251925000
EV00208,13102996,437751,5896348,1719424000
EV00209,51863869,1547467,23338741,2534375000
EV00210,23584511,784001,10613030,3251925000
EV00211,16901596,522553,7605718,2534375000
EV00212,20095855,667133,9043135,1719424000
EV00213,20540351,682116,9243158,1719424000
EV00214,13193474,410452,5937063,2534375000
EV00215,93153028,2820463,41918863,3251925000
EV00216,812873,49583,365793,1892212000
EV00217,84784941,2808149,38153224,1719424000
EV00218,20685160,686537,9308322,1719424000
EV00219,30121566,997590,13554705,1719424000
EV00220,53086004,2050724,23888702,1892212000
EV00221,15837665,493859,7126949,2534375000
EV00222,1939217,72364,872648,1719424000
EV00223,16803555,558643,7561600,1719424000
EV00224,9251587,392782,4163214,1892212000
EV00225,2213659,89171,996146,2534375000
EV00226,1562454,66057,703104,2534375000
EV00227,37701475,1461974,16965664,1892212000
EV00228,124553499,4751751,56049074,1892212000
EV00229,114257523,3784997,51415885,1719424000
EV00230,13009324,435532,5854196,1719424000
EV00231,6698365,275473,3014264,3251925000
EV00232,46171452,1445647,20777153,3251925000
EV00233,21272731,701615,9572729,3251925000
EV00234,129439001,3829004,58247551,2534375000
EV00235,18696706,621528,8413518,1719424000
EV00236,28313192,1111775,12740936,1892212000
EV00237,74205625,2255052,33392531,3251925000
EV00238,24462923,802817,11008315,3251925000
EV00239,148961657,5672014,67032746,1892212000
EV00240,76075608,2519377,34234023,1719424000
EV00241,3366002,171197,1514701,1892212000
EV00242,65147761,2506655,29316492,1892212000
EV00243,13146275,437418,5915824,1719424000
EV00244,53866230,1783836,24239803,1719424000
EV00245,15730619,634596,7078778,1892212000
EV00246,9247218,311994,4161248,1719424000
EV00247,5383467,185626,2422560,1719424000
EV00248,44753549,1482011,20139097,1719424000
EV00249,1892926,104142,851817,1892212000
EV00250,1072550,42127,482647,1719424000
EV00251,24388129,808908,10974658,1719424000
EV00252,26161977,866800,11772889,1719424000
EV00253,3829432,134331,1723245,1719424000
EV00254,75328032,2294159,33897615,3251925000
EV00255,6018065,206422,2708129,1719424000
EV00256,28420219,855885,12789099,2534375000
EV00257,20852918,691664,9383813,1719424000
EV00258,20891629,835367,9401233,1892212000
EV00259,16395921,504436,7378165,2534375000
EV00260,26343651,796663,11854643,2534375000
EV00261,11733507,417540,5280078,3251925000
EV00262,8003385,342699,3601523,1892212000
EV00263,131919784,3955705,59363903,3251925000
EV00264,1555168,58513,699825,1719424000
EV00265,27324975,822221,12296239,2534375000
EV00266,83946321,2491272,37775844,2534375000
EV00267,25292881,838727,11381797,1719424000
EV00268,49866412,1562994,22439885,3251925000
EV00269,4949799,172730,2227410,2534375000
EV00270,6027118,207356,2712203,1719424000
EV00271,5718225,259287,2573201,1892212000
EV00272,28556938,864035,12850622,2534375000
EV00273,56851136,1756132,25583011,3251925000
EV00274,54282912,1617128,24427311,2534375000
EV00275,8969663,289801,4036348,2534375000
EV00276,211322202,6276251,95094991,3251925000
EV00277,8435664,326757,3796049,3251925000
EV00278,42990504,1666312,19345727,1892212000
EV00279,163934130,4846706,73770359,2534375000
EV00280,42790542,1277213,19255744,2534375000
EV00281,5143255,176552,2314465,2534375000
EV00282,14008671,505865,6303902,3251925000
EV00283,7132687,282558,3209709,3251925000
EV00284,56112033,1670199,25250415,2534375000
EV00285,23994104,785146,10797347,3251925000
EV00286,35668640,1391579,16050888,1892212000
EV00287,14767419,492881,6645339,1719424000
EV00288,691998,34492,311399,2534375000
EV00289,5032415,175888,2264587,1719424000
EV00290,74942133,2482029,33723960,1719424000
EV00291,6120643,203903,2754289,2534375000
EV00292,96011383,3180047,43205122,1719424000
EV00293,10345955,433547,4655680,1892212000
EV00294,7403190,332702,3331435,1892212000
EV00295,23055101,911953,10374795,1892212000
EV00296,6043662,201702,2719648,2534375000
EV00297,24908385,825993,11208773,1719424000
EV00298,6005167,203769,2702325,2534375000
EV00299,6133079,202840,2759886,2534375000
EV00300,7297864,313799,3284039,1892212000
EV00301,5343678,182702,2404655,2534375000
EV00302,53452198,1770092,24053489,1719424000
EV00303,1250282,54986,562627,2534375000
EV00304,27150368,900412,12217666,1719424000
EV00305,19097315,581069,8593792,2534375000
EV00306,53531034,1772694,24088965,1719424000
EV00307,18242535,606446,8209141,1719424000
EV00308,24275681,963034,10924057,1892212000
EV00309,8248533,280315,3711840,1719424000
EV00310,59473294,2288726,26762982,1892212000
EV00311,5402311,245398,2431040,1892212000
EV00312,7721005,261658,3474452,1719424000
EV00313,64999782,2500467,29249902,1892212000
EV00314,53154364,1583961,23919464,2534375000
EV00315,6577984,215158,2960093,2534375000
EV00316,39405517,1534149,17732483,1892212000
EV00317,1761331,96776,792599,1892212000
EV00318,8079755,258335,3635890,2534375000
EV00319,33358271,1003283,15011222,2534375000
EV00320,8879467,286629,3995760,2534375000
EV00321,227042,10631,102169,829559000
EV00322,42793,3934,19257,301546000
EV00323,481365,33224,216614,396485000
EV00324,738909,33908,332509,767608000
EV00325,268721,23988,120924,301546000
EV00326,154408,14126,69484,301546000
EV00327,202391,10064,91076,1437970000
EV00328,803800,36914,361710,920016000
EV00329,260855,7601,117385,2480879000
EV00330,480714,18719,216321,988780000
EV00331,1142354,65632,514059,523531000
EV00332,6261098,153826,2817494,2552835000
EV00333,4218291,124580,1898231,2109756000
EV00334,186413,16315,83886,301546000
EV00335,816107,25039,367248,1607172000
EV00336,45950,2662,20677,829559000
EV00337,363115,10231,163402,2618372000
EV00338,3373952,108808,1518279,1713271000
EV00339,365543,13826,164494,1290326000
EV00340,834260,24907,375417,2480879000
EV00341,1661553,70611,747699,829559000
EV00342,583466,50267,262560,301546000
EV00343,2033266,108233,914970,698031000
EV00344,2178079,71661,980136,1713271000
EV00345,41181,2472,18532,829559000
EV00346,271890,16130,122350,670362000
EV00347,783994,29222,352797,988780000
EV00348,557399,22196,250829,839564000
EV00349,1211975,69395,545389,523531000
EV00350,82822,3492,37270,988780000
EV00351,321481,15773,144666,829559000
EV00352,714330,61402,321449,301546000
EV00353,314907,21800,141708,396485000
EV00354,547910,21445,246559,839564000
EV00355,193854,9785,87234,829559000
EV00356,338127,16160,152157,767608000
EV00357,157351,11367,70808,396485000
EV00358,212431,9443,95594,1629592000
EV00359,2108272,78389,948723,988780000
EV00360,731393,34867,329127,971908000
EV00361,186880,8597,84096,1629592000
EV00362,2113096,77874,950893,988780000
EV00363,81318,3438,36593,839564000
EV00364,619933,33921,278970,670362000
EV00365,436057,16723,196226,988780000
EV00366,959385,29059,431723,2109756000
EV00367,2529944,67287,1138475,1828344000
EV00368,33806,2521,15213,523531000
EV00369,165858,14799,74636,301546000
EV00370,1150349,53423,517657,971908000
EV00371,2321689,72915,1044760,1512311000
EV00372,372326,13847,167547,2014817000
EV00373,27753,1934,12489,829559000
EV00374,1063052,39517,478374,988780000
EV00375,131214,5192,59046,988780000
EV00376,95413,6758,42936,396485000
EV00377,693833,38045,312225,670362000
EV00378,1396691,50667,628511,1629592000
EV00379,2860258,98269,1287116,1353090000
EV00380,235471,16703,105962,396485000
EV00381,393126,15114,176907,988780000
EV00382,34534,3252,15540,301546000
EV00383,44999,4116,20250,301546000
EV00384,599320,51921,269694,301546000
EV00385,60830,2705,27374,839564000
EV00386,318768,12197,143445,2014817000
EV00387,606850,27557,273082,767608000
EV00388,189413,9677,85236,829559000
EV00389,353263,13756,158968,988780000
EV00390,1559105,48532,701597,2299954000
EV00391,84425,3897,37991,1291139000
EV00392,891875,31244,401344,1499921000
EV00393,361193,17443,162537,767608000
EV00394,306479,12508,137915,839564000
EV00395,260943,10012,117424,2026077000
EV00396,172395,6662,77578,988780000
EV00397,337054,10841,151674,1818339000
EV00398,769855,38368,346435,825077000
EV00399,159323,8274,71696,767608000
EV00400,725160,28167,326322,839564000
EV00401,1390887,51734,625899,1629592000
EV00402,1376257,117386,619316,301546000
EV00403,601035,25907,270466,1629592000
EV00404,228695,20342,102913,301546000
EV00405,139628,8420,62833,698031000
EV00406,147669,8856,66451,523531000
EV00407,224555,8367,101050,1713271000
EV00408,110114,5364,49551,829559000
EV00409,6819066,217176,3068580,1713271000
EV00410,4039119,129881,1817604,1713271000
EV00411,361818,21249,162818,523531000
EV00412,288656,11652,129895,988780000
EV00413,139098,7904,62594,767608000
EV00414,88369,8259,39766,301546000
EV00415,1101319,94480,495593,301546000
EV00416,1645824,56469,740621,1499921000
EV00417,341825,19067,153821,670362000
EV00418,272426,9212,122592,1713271000
EV00419,143740,7903,64683,767608000
EV00420,996474,67936,448413,396485000
EV00421,1829152,95960,823118,670362000
EV00422,7989969,204661,3595486,2542830000
EV00423,428482,15476,192817,1597167000
EV00424,704800,48009,317160,396485000
EV00425,327677,18841,147455,670362000
EV00426,494422,21519,222490,1629592000
EV00427,48511,3074,21830,523531000
EV00428,416855,29172,187585,396485000
EV00429,315678,15941,142055,767608000
EV00430,280150,12580,126068,1629592000
EV00431,120015,4508,54007,1385265000
EV00432,774633,31064,348585,1629592000
EV00433,1375346,48141,618906,1353090000
EV00434,32538,3084,14642,301546000
EV00435,487435,19574,219346,2153123000
EV00436,339902,13019,152956,1236049000
EV00437,184170,16746,82876,301546000
EV00438,299283,17262,134677,670362000
EV00439,234650,14260,105593,523531000
EV00440,2914122,94270,1311355,1713271000
EV00441,32487,3080,14619,301546000
EV00442,58870,3925,26491,829559000
EV00443,161987,14596,72894,301546000
EV00444,66996,3818,30148,767608000
EV00445,198983,7491,89542,1713271000
EV00446,124147,6353,55866,1164093000
EV00447,427307,25171,192288,523531000
EV00448,662702,24452,298216,1629592000
EV00449,627632,28113,282434,767608000
EV00450,1062754,60997,478239,523531000
EV00451,240724,16994,108326,396485000
EV00452,1131192,50730,509037,767608000
EV00453,1011533,37801,455190,988780000
EV00454,2861334,92689,1287600,1713271000
EV00455,912898,39995,410804,829559000
EV00456,2044107,89967,919848,920016000
EV00457,116707,5365,52518,1629592000
EV00458,6732443,216189,3029599,1931138000
EV00459,123439,8531,55548,670362000
EV00460,1797320,63506,808794,1629592000
EV00461,168582,14990,75862,301546000
EV00462,2846856,91857,1281085,1713271000
EV00463,38131,2513,17159,523531000
EV00464,1326274,113059,596823,301546000
EV00465,231609,10880,104224,767608000
EV00466,82888,5450,37299,523531000
EV00467,872008,39909,392404,767608000
EV00468,3063161,84309,1378422,2397200000
EV00469,317697,27779,142963,301546000
EV00470,23827,1853,10722,523531000
EV00471,1673262,54259,752968,1713271000
EV00472,42594,2972,19167,670362000
EV00473,638416,43621,287287,396485000
EV00474,63153,6055,28419,301546000
EV00475,1417610,121125,637924,301546000
EV00476,163737,6611,73682,839564000
EV00477,685298,47200,308384,396485000
EV00478,26388,1987,11875,523531000
EV00479,111329,5952,50098,829559000
EV00480,49786,3691,22404,523531000
EV00481,856968,28634,385635,1713271000
EV00482,3933471,125506,1770062,1713271000
EV00483,1132883,49180,509797,829559000
EV00484,2272043,74102,1022419,1713271000
EV00485,873572,28884,393107,2299954000
EV00486,153156,8133,68920,767608000
EV00487,6299936,170400,2834971,2459151000
EV00488,599665,23189,269849,988780000
EV00489,214514,10147,96531,1629592000
EV00490,859294,37071,386682,1066847000
EV00491,255257,9462,114866,2469156000
EV00492,745685,43032,335558,523531000
EV00493,155982,5943,70192,1713271000
EV00494,231397,11043,104129,767608000
EV00495,71316,4254,32092,698031000
EV00496,109445,5158,49250,1131105000
EV00497,1987962,74351,894583,988780000
EV00498,238766,11632,107445,767608000
EV00499,48257,2961,21716,1629592000
EV00500,226481,11480,101916,767608000
EV00501,169388,14863,76225,301546000
EV00502,899123,34615,404606,839564000
EV00503,170678,6998,76805,988780000
EV00504,347006,30095,156153,301546000
EV00505,1441963,53774,648883,988780000
EV00506,86139,5131,38762,670362000
EV00507,1808123,68100,813655,839564000
EV00508,588425,28070,264791,767608000
EV00509,89630,5762,40334,523531000
EV00510,691191,59439,311036,301546000
EV00511,355982,31207,160192,301546000
EV00512,362678,15099,163205,988780000
EV00513,60993,5877,27447,301546000
EV00514,49009,4623,22054,301546000
EV00515,518531,24409,233339,767608000
EV00516,845386,57755,380424,396485000
EV00517,429391,24683,193226,670362000
EV00518,312196,9779,140488,2397200000
EV00519,52395,3129,23578,1629592000
EV00520,1889715,53332,850372,2236802000
EV00521,1142280,40394,514026,1290326000
EV00522,527296,25132,237283,767608000
EV00523,849867,45252,382440,670362000
EV00524,1363936,51294,613771,1226044000
EV00525,1061172,38029,477528,2153123000
EV00526,650036,20580,292516,2397200000
EV00527,138219,4958,62199,1509926000
EV00528,155226,5074,69852,1756388000
EV00529,3163629,151791,1423633,825077000
EV00530,83000,7810,37350,301546000
EV00531,3240579,104925,1458261,1713271000
EV00532,352000,11060,158400,2383633000
EV00533,1875139,78810,843813,829559000
EV00534,432005,14252,194402,1512311000
EV00535,74117,5250,33353,523531000
EV00536,54647,3670,24591,670362000
EV00537,53661,3949,24148,396485000
EV00538,332697,19359,149714,670362000
EV00539,1074671,39071,483602,1141110000
EV00540,49755,2815,22390,829559000
EV00541,152895,6896,68803,829559000
EV00542,78675,4950,35404,829559000
EV00543,207971,12383,93587,523531000
EV00544,100909,3419,45409,2702051000
EV00545,504284,18068,226928,1713271000
EV00546,65829,3427,29623,767608000
EV00547,156521,6507,70434,839564000
EV00548,76298,7301,34334,301546000
EV00549,411788,23959,185305,523531000
EV00550,619043,22396,278569,1236049000
EV00551,425707,19526,191568,829559000
EV00552,313373,11414,141018,1713271000
EV00553,2105240,64885,947358,2153123000
EV00554,3564097,139124,1603844,1131105000
EV00555,310002,13574,139501,1353090000
EV00556,1454767,53788,654645,988780000
EV00557,160654,7175,72294,839564000
EV00558,1099862,41926,494938,839564000
EV00559,22634,1976,10185,670362000
EV00560,475617,16872,214028,2383633000
EV00561,320655,15279,144295,829559000
EV00562,82928,4952,37317,523531000
EV00563,66795,6249,30058,301546000
EV00564,1363044,36523,613370,1828344000
EV00565,47270,2605,21272,767608000
EV00566,155129,11852,69808,396485000
EV00567,255062,10548,114778,1499921000
EV00568,763148,65518,343416,301546000
EV00569,137257,9800,61766,396485000
EV00570,735592,25759,331016,1713271000
EV00571,1146240,51754,515808,767608000
EV00572,233772,8452,105197,1353090000
EV00573,422922,12263,190315,2542830000
EV00574,547919,20876,246563,2026077000
EV00575,3882272,102835,1747022,1828344000
EV00576,484480,15875,218016,1607172000
EV00577,19549,1487,8797,523531000
EV00578,14379027,366219,6470562,2542830000
EV00579,236297,11501,106334,1629592000
EV00580,44988,3333,20244,523531000
EV00581,2249202,99432,1012141,920016000
EV00582,508153,22136,228669,829559000
EV00583,66304,2970,29837,1713271000
EV00584,107859,5216,48537,1164093000
EV00585,216779,10340,97551,829559000
EV00586,212825,7407,95771,1713271000
EV00587,1218030,44829,548113,1629592000
EV00588,1295156,48049,582820,988780000
EV00589,696956,60121,313630,301546000
EV00590,19269,1471,8671,523531000
EV00591,1019966,39546,458985,839564000
EV00592,232164,9083,104474,988780000
EV00593,611051,23848,274973,988780000
EV00594,58497,3759,26324,670362000
EV00595,141209,8370,63544,829559000
EV00596,1266647,72707,569991,523531000
EV00597,35561,2252,16002,829559000
EV00598,2704361,96354,1216963,1141110000
EV00599,1949441,49112,877248,2552835000
EV00600,49495,3769,22273,396485000
EV00601,612170,20170,275477,1713271000
EV00602,83861,4293,37737,920016000
EV00603,260405,13070,117182,767608000
EV00604,419466,19113,188760,1131105000
EV00605,133479,8285,60065,523531000
EV00606,323014,15414,145356,767608000
EV00607,81457,3443,36656,839564000
EV00608,2691807,101073,1211313,839564000
EV00609,1762374,74716,793068,829559000
EV00610,2811001,105284,1264950,839564000
EV00611,235017,20932,105757,301546000
EV00612,26743,1908,12034,523531000
EV00613,38233,2932,17205,396485000
EV00614,775029,23220,348763,2236802000
EV00615,707516,18161,318382,2552835000
EV00616,190764,7398,85844,839564000
EV00617,363395,20814,163528,670362000
EV00618,1029511,39223,463280,839564000
EV00619,185639,9788,83538,767608000
EV00620,1037730,88639,466979,301546000
EV00621,70043,4116,31520,767608000
EV00622,304752,26558,137138,301546000
EV00623,175617,5509,79028,2542830000
EV00624,248431,17476,111794,396485000
EV00625,3477515,111679,1564882,1713271000
EV00626,114016,4589,51307,988780000
EV00627,152923,6014,68816,988780000
EV00628,106609,8299,47974,396485000
EV00629,4747008,166163,2136154,1291139000
EV00630,1054218,31750,474398,1607172000
EV00631,140182,6637,63082,829559000
EV00632,1015465,54041,456959,670362000
EV00633,2631140,80643,1184013,1659142000
EV00634,151019,13432,67959,301546000
EV00635,973915,35392,438262,1290326000
EV00636,156210,6681,70295,988780000
EV00637,337725,16426,151976,767608000
EV00638,323121,12808,145404,839564000
EV00639,1636272,60472,736322,988780000
EV00640,1361559,42986,612702,1659142000
EV00641,1989907,52720,895458,3342863000
EV00642,432818,24537,194768,670362000
EV00643,4064162,106719,1828873,2469156000
EV00644,5444901,160557,2450205,2153123000
EV00645,2889523,108365,1300285,839564000
EV00646,1790078,120691,805535,396485000
EV00647,1621461,59763,729658,988780000
EV00648,51053,2488,22974,1713271000
EV00649,6453780,225097,2904201,1291139000
EV00650,1595899,51865,718155,2026077000
EV00651,348495,15602,156823,1629592000
EV00652,5722542,160169,2575144,2236802000
EV00653,93686,3484,42159,1818339000
EV00654,393860,14968,177237,1629592000
EV00655,213118,8495,95903,2153123000
EV00656,4136660,150664,1861497,988780000
EV00657,235292,14516,105881,523531000
EV00658,1248598,41616,561869,1713271000
EV00659,13196405,332185,5938382,2618372000
EV00660,1375128,50529,618808,1141110000
EV00661,333518,23391,150083,396485000
EV00662,151115,14151,68002,301546000
EV00663,1727889,76294,777550,767608000
EV00664,1176969,29170,529636,3342863000
EV00665,71992,3908,32396,829559000
EV00666,124046,4786,55821,1385265000
EV00667,264178,19024,118880,396485000
EV00668,882189,34243,396985,839564000
EV00669,245731,17304,110579,396485000
EV00670,228940,13821,103023,523531000
EV00671,45335,2638,20401,829559000
EV00672,83498,4999,37574,670362000
EV00673,295295,20302,132883,396485000
EV00674,34002,2291,15301,523531000
EV00675,1975284,64612,888878,1713271000
EV00676,1089377,47681,490220,829559000
EV00677,651599,24842,293220,988780000
EV00678,739717,63665,332873,301546000
EV00679,332333,19679,149550,523531000
EV00680,1248888,45996,561999,1629592000
EV00681,197817,10125,89018,829559000
EV00682,48381,2654,21771,767608000
EV00683,171414,9485,77136,767608000
EV00684,233429,11747,105043,767608000
EV00685,1405130,73944,632308,670362000
EV00686,1192300,52254,536535,829559000
EV00687,235182,9868,105832,1164093000
EV00688,2073384,81552,933023,1131105000
EV00689,2303433,61764,1036545,2618372000
EV00690,63139,3310,28413,767608000
EV00691,235595,7227,106018,1818339000
EV00692,893739,22778,402183,2552835000
EV00693,1801320,59089,810594,1713271000
EV00694,774950,26477,348727,1713271000
EV00695,1740137,66074,783062,839564000
EV00696,956881,51771,430597,670362000
EV00697,884559,32666,398052,1629592000
EV00698,289515,17262,130282,523531000
EV00699,77012,3915,34655,829559000
EV00700,394023,23121,177310,523531000
EV00701,2374554,100843,1068549,829559000
EV00702,1918453,59977,863304,2109756000
EV00703,85110,7754,38300,301546000
EV00704,7134450,213822,3210502,2014817000
EV00705,427931,37445,192569,301546000
EV00706,1659259,66288,746666,1193893000
EV00707,518589,44997,233365,301546000
EV00708,2099529,77544,944788,988780000
EV00709,110778,5252,49850,829559000
EV00710,1316185,44768,592283,1713271000
EV00711,448271,17991,201722,839564000
EV00712,237459,10520,106857,1629592000
EV00713,2145095,78494,965293,988780000
EV00714,173710,10213,78170,523531000
EV00715,223454,10604,100554,767608000
EV00716,1014061,41877,456328,1069154000
EV00717,44470,3343,20011,396485000
EV00718,28875,1879,12994,767608000
EV00719,107442,5978,48349,767608000
EV00720,85508,4336,38478,767608000
EV00721,203268,11125,91471,825077000
EV00722,157913,6521,71061,988780000
EV00723,29801,2375,13410,396485000
EV00724,3674891,133937,1653701,988780000
EV00725,1212386,39764,545574,1713271000
EV00726,911562,40691,410203,767608000
EV00727,251826,10991,113322,2397200000
EV00728,1763417,75212,793538,829559000
EV00729,118747,5110,53436,1713271000
EV00730,3569403,124192,1606231,1629592000
EV00731,1042454,31436,469104,1669123000
EV00732,4154932,143119,1869719,1629592000
EV00733,886568,28210,398955,1512311000
EV00734,27174,1717,12228,767608000
EV00735,226063,11223,101729,767608000
EV00736,223052,13705,100374,523531000
EV00737,395974,27832,178188,396485000
EV00738,273576,24187,123109,301546000
EV00739,1041311,31666,468590,1756388000
EV00740,2727797,94625,1227509,1629592000
EV00741,1074629,41487,483583,839564000
EV00742,628862,24574,282988,988780000
EV00743,65998,4040,29699,829559000
EV00744,375854,18600,169134,829559000
EV00745,109369,4426,49216,988780000
EV00746,425729,16998,191578,839564000
EV00747,115914,8572,52161,396485000
EV00748,55016,5187,24757,301546000
EV00749,416026,17189,187212,1629592000
EV00750,460507,20295,207228,829559000
EV00751,22757,2263,10241,301546000
EV00752,925199,35279,416340,839564000
EV00753,432778,37619,194750,301546000
EV00754,370201,14684,166591,1141110000
EV00755,215287,8903,96879,1353090000
EV00756,960108,44890,432048,971908000
EV00757,433129,18489,194908,1629592000
EV00758,952005,30981,428402,1713271000
EV00759,506552,20308,227948,839564000
EV00760,100740,4121,45333,988780000
EV00761,722684,25399,325208,1713271000
EV00762,742028,28812,333913,839564000
EV00763,74333,5298,33450,396485000
EV00764,644118,37299,289853,523531000
EV00765,910012,34024,409506,1629592000
EV00766,168485,7608,75818,1499921000
EV00767,35453,2619,15954,670362000
EV00768,390017,11860,175508,2236802000
EV00769,717637,27135,322937,988780000
EV00770,1620071,61484,729032,839564000
EV00771,9180356,251131,4131160,1818339000
EV00772,227735,9911,102481,1164093000
EV00773,326382,15296,146872,920016000
EV00774,1707970,76377,768586,767608000
EV00775,600060,20713,270027,1713271000
EV00776,1213414,41980,546036,1931138000
EV00777,116419,7206,52389,523531000
EV00778,189049,17070,85072,301546000
EV00779,115726,5849,52077,767608000
EV00780,131233,7399,59055,767608000
EV00781,894764,30383,402644,1713271000
EV00782,1345897,58022,605653,829559000
EV00783,73064,2967,32879,2236802000
EV00784,713992,32512,321296,920016000
EV00785,635220,29553,285849,767608000
EV00786,91784,7151,41303,396485000
EV00787,91504,3796,41177,988780000
EV00788,76042,3250,34219,839564000
EV00789,252426,10334,113592,1629592000
EV00790,95113,3558,42801,2542830000
EV00791,427337,16613,192302,839564000
EV00792,75464,3955,33959,1629592000
EV00793,108787,4405,48954,988780000
EV00794,667730,25351,300479,839564000
EV00795,442401,20222,199080,829559000
EV00796,48262,4865,21718,301546000
EV00797,259176,9130,116629,1818339000
EV00798,861770,46643,387797,670362000
EV00799,114442,8694,51499,396485000
EV00800,137941,7106,62073,767608000
EV00801,1951992,94788,878396,825077000
EV00802,1357356,92216,610810,396485000
EV00803,191429,8414,86143,839564000
EV00804,3769701,105201,1696365,2397200000
EV00805,158152,6711,71168,1629592000
EV00806,2674998,86973,1203749,1713271000
EV00807,191959,11652,86382,523531000
EV00808,68558,3544,30851,767608000
EV00809,163210,9110,73444,829559000
EV00810,462091,18503,207941,839564000
EV00811,1851171,67859,833027,988780000
EV00812,998089,85607,449140,301546000
EV00813,711675,32583,320254,767608000
EV00814,721072,26755,324482,988780000
EV00815,1197930,44272,539069,988780000
EV00816,129378,5319,58220,988780000
EV00817,1831103,53181,823996,1607172000
EV00818,428733,11288,192930,2702051000
EV00819,71861,3713,32337,829559000
EV00820,2265614,73655,1019526,1713271000
EV00821,135396,6403,60928,767608000
EV00822,2616900,97964,1177605,839564000
EV00823,2397873,67462,1079043,2383633000
EV00824,677407,36633,304833,670362000
EV00825,518516,28000,233332,670362000
EV00826,3386378,175231,1523870,670362000
EV00827,2207699,69524,993465,1509926000
EV00828,1854658,67979,834596,988780000
EV00829,6471046,169152,2911971,2480879000
EV00830,77907,4091,35058,829559000
EV00831,472446,18574,212601,839564000
EV00832,933223,30788,419950,1713271000
EV00833,372567,17293,167655,829559000
EV00834,2618128,85905,1178157,1713271000
EV00835,1727456,61600,777355,1629592000
EV00836,763855,25877,343735,1713271000
EV00837,61078,3760,27485,523531000
EV00838,748226,32760,336702,829559000
EV00839,108302,6179,48736,829559000
EV00840,234357,20339,105461,301546000
EV00841,110902,10696,49906,301546000
EV00842,75392,5458,33926,396485000
EV00843,127763,5645,57493,839564000
EV00844,2151291,89307,968081,1066847000
EV00845,1558906,51528,701508,1713271000
EV00846,519007,21036,233553,1629592000
EV00847,38227,3559,17202,301546000
EV00848,22287,1716,10029,523531000
EV00849,4363826,107985,1963722,2552835000
EV00850,103406,6623,46532,670362000
EV00851,36753,2684,16539,670362000
EV00852,288217,11334,129697,1164093000
EV00853,1094935,47213,492721,829559000
EV00854,293290,11310,131981,839564000
EV00855,1654849,94873,744682,523531000
EV00856,1408528,52811,633838,839564000
EV00857,1057557,45296,475900,829559000
EV00858,342751,23646,154238,396485000
EV00859,2546465,100227,1145909,1131105000
EV00860,932441,51496,419598,670362000
EV00861,57583,3317,25912,1629592000
EV00862,364373,13059,163968,1713271000
EV00863,215001,8948,96750,2153123000
EV00864,63612,4656,28625,523531000
EV00865,2595748,84060,1168087,1713271000
EV00866,216996,7800,97648,1363095000
EV00867,418261,24200,188217,523531000
EV00868,90013,6516,40506,396485000
EV00869,555768,17926,250096,2153123000
EV00870,3759113,118183,1691601,2026077000
EV00871,725436,27567,326446,1141110000
EV00872,1273419,48733,573038,839564000
EV00873,984658,41727,443096,1131105000
EV00874,26558,2585,11951,301546000
EV00875,1144701,45831,515115,1164093000
EV00876,1518422,53651,683290,1629592000
EV00877,1662101,58642,747946,1291139000
EV00878,1736590,65686,781466,839564000
EV00879,347672,11421,156452,2618372000
EV00880,5205586,136024,2342514,2480879000
EV00881,914483,27144,411517,1669123000
EV00882,769616,22751,346327,2383633000
EV00883,105238,7901,47357,396485000
EV00884,567332,22809,255300,839564000
EV00885,852585,31753,383663,1141110000
EV00886,1884434,83773,847995,767608000
EV00887,165072,10300,74282,523531000
EV00888,1685654,42141,758544,3342863000
EV00889,1041433,39501,468645,839564000
EV00890,36978,2309,16640,829559000
EV00891,5158332,164874,2321249,1713271000
EV00892,112641,7812,50689,396485000
EV00893,547851,17030,246533,1756388000
EV00894,2519285,96433,1133678,1164093000
EV00895,176803,5666,79561,1756388000
EV00896,179359,9345,80712,1629592000
EV00897,757837,43970,341027,523531000
EV00898,121999,6283,54899,767608000
EV00899,109769,8121,49396,396485000
EV00900,1326937,113168,597122,301546000
EV00901,451069,39058,202981,301546000
EV00902,1194641,80986,537588,396485000
EV00903,326738,12755,147032,988780000
EV00904,616814,27046,277566,829559000
EV00905,1532862,103256,689788,396485000
EV00906,451816,17180,203317,1713271000
EV00907,1964241,50571,883909,3342863000
EV00908,384431,11930,172994,2618372000
EV00909,422203,11658,189991,1828344000
EV00910,456822,31445,205570,396485000
EV00911,70141,3643,31563,829559000
EV00912,1101530,28577,495688,2552835000
EV00913,8873338,227922,3993002,2469156000
EV00914,251750,8152,113287,2459151000
EV00915,173634,7963,78135,1629592000
EV00916,153372,7179,69018,2397200000
EV00917,366511,12676,164930,1713271000
EV00918,1486075,49373,668734,1713271000
EV00919,1078941,61963,485523,523531000
EV00920,116338,4154,52352,2236802000
EV00921,2189348,81067,985206,988780000
EV00922,749602,51068,337321,396485000
EV00923,54573,3401,24558,523531000
EV00924,3159528,106818,1421788,1236049000
EV00925,1245894,106420,560652,301546000
EV00926,903394,51983,406527,523531000
EV00927,392359,21913,176562,670362000
EV00928,43064,3956,19379,301546000
EV00929,1502398,101960,676079,396485000
EV00930,1151411,41351,518135,1353090000
EV00931,48541,3817,21844,523531000
EV00932,413741,12744,186184,2459151000
EV00933,105932,6703,47669,523531000
EV00934,468108,25586,210649,670362000
EV00935,2561362,67987,1152613,2618372000
EV00936,772483,28501,347618,1437970000
EV00937,379412,33100,170736,301546000
EV00938,55639,2514,25037,839564000
EV00939,1168713,44792,525921,839564000
EV00940,652272,22141,293522,1713271000
EV00941,31119,2462,14003,396485000
EV00942,1186783,48087,534052,1193893000
EV00943,792161,26333,356472,1713271000
EV00944,1216710,69815,547520,523531000
EV00945,551938,30108,248372,670362000
EV00946,121858,4425,54836,3342863000
EV00947,106532,6257,47939,1193893000
EV00948,81446,4090,36651,829559000
EV00949,958604,31399,431372,1597167000
EV00950,554766,27809,249645,971908000
EV00951,815381,46908,366921,523531000
EV00952,787649,53915,354442,396485000
EV00953,80577,4841,36260,1629592000
EV00954,88328,4231,39748,1713271000
EV00955,4381481,159390,1971666,988780000
EV00956,143198,12798,64439,301546000
EV00957,505948,29405,227677,523531000
EV00958,1724663,65192,776098,839564000
EV00959,650319,34888,292644,670362000
EV00960,489592,18894,220316,988780000
EV00961,126870,9070,57091,396485000
EV00962,3397968,109592,1529085,1713271000
EV00963,2048447,54967,921801,2618372000
EV00964,373225,12386,167951,1659142000
EV00965,694037,32251,312317,767608000
EV00966,2336286,75478,1051329,1713271000
EV00967,74523,3196,33535,839564000
EV00968,128341,11885,57753,301546000
EV00969,55961,3017,25183,767608000
EV00970,176912,10228,79610,670362000
EV00971,1429227,47094,643152,1713271000
EV00972,3103883,75449,1396747,3342863000
EV00973,133406,4683,60033,1512311000
EV00974,111853,6697,50334,670362000
EV00975,454092,16204,204342,1713271000
EV00976,2815117,85277,1266803,2299954000
EV00977,1497213,54000,673746,1629592000
EV00978,1025539,69991,461492,396485000
EV00979,193174,12547,86928,670362000
EV00980,1265878,47238,569645,988780000
EV00981,120603,4960,54272,1713271000
EV00982,1888730,57187,849929,2397200000
EV00983,211895,8017,95353,1597167000
EV00984,371370,25700,167117,396485000
EV00985,99173,6684,44628,523531000
EV00986,364943,14248,164225,988780000
EV00987,2772685,101652,1247708,988780000
EV00988,58962,3647,26533,523531000
EV00989,264214,10130,118896,988780000
EV00990,800322,23210,360145,2459151000
EV00991,336294,19516,151332,523531000
EV00992,207088,18658,93190,301546000
EV00993,41082,3934,18487,301546000
EV00994,290667,9990,130800,1659142000
EV00995,392149,16537,176467,1629592000
EV00996,2351744,82599,1058285,1629592000
EV00997,29838,1837,13427,767608000
EV00998,298826,10039,134472,1713271000
EV00999,3273057,90738,1472875,2383633000
EV01000,23459,2323,10557,301546000
EV01001,62724,2855,28226,1713271000
EV01002,997921,85316,449064,301546000
EV01003,10615884,287826,4777148,2397200000
EV01004,272700,13074,122715,829559000
EV01005,499708,19542,224869,839564000
EV01006,207353,18302,93309,301546000
EV01007,6327327,217129,2847297,1629592000
EV01008,2422985,85767,1090343,1629592000
EV01009,346460,14586,155907,1226044000
EV01010,408287,20911,183729,829559000
EV01011,488693,15922,219912,1713271000
EV01012,337878,16065,152045,767608000
EV01013,122535,4672,55141,1713271000
EV01014,98188,5589,44184,1629592000
EV01015,2285381,82880,1028421,1629592000
EV01016,1668438,73707,750797,767608000
EV01017,564902,15526,254206,1828344000
EV01018,683554,30849,307599,829559000
EV01019,228452,16994,102803,396485000
EV01020,513018,28460,230858,670362000
EV01021,670780,57629,301851,301546000
EV01022,479820,22794,215919,767608000
EV01023,226637,14925,101986,670362000
EV01024,2426010,61310,1091705,3342863000
EV01025,9228663,234975,4152899,2618372000
EV01026,672692,35572,302711,670362000
EV01027,332986,12885,149844,839564000
EV01028,1322864,113062,595289,301546000
EV01029,76859,4620,34586,523531000
EV01030,328236,14679,147706,1226044000
EV01031,448134,18011,201661,1629592000
EV01032,176995,15403,79648,301546000
EV01033,661351,25378,297608,839564000
EV01034,1168892,34462,526001,2397200000
EV01035,1130042,30360,508519,2618372000
EV01036,4114585,101711,1851563,2552835000
EV01037,110968,7186,49935,523531000
EV01038,2953996,91368,1329298,1512311000
EV01039,56702,4472,25516,396485000
EV01040,93295,3953,41983,839564000
EV01041,194856,8273,87685,839564000
EV01042,2345614,121756,1055526,670362000
EV01043,607579,20631,273410,1713271000
EV01044,105955,4539,47680,988780000
EV01045,3398815,100682,1529467,2299954000
EV01046,127921,4681,57564,1363095000
EV01047,1339222,49903,602650,1629592000
EV01048,734011,26515,330305,1290326000
EV01049,457712,15321,205970,1713271000
EV01050,73433,6662,33045,301546000
EV01051,806478,32595,362915,1629592000
EV01052,43149,2786,19417,523531000
EV01053,1487193,85210,669237,523531000
EV01054,463750,21989,208688,767608000
EV01055,1317095,45467,592693,1236049000
EV01056,73284,4819,32978,767608000
EV01057,59913,4440,26961,523531000
EV01058,32985,2150,14843,829559000
EV01059,49671,2908,22352,1131105000
EV01060,43244,2766,19460,825077000
EV01061,1496110,101168,673249,396485000
EV01062,124189,4262,55885,1669123000
EV01063,454841,39589,204679,301546000
EV01064,1866783,78988,840052,829559000
EV01065,915320,33826,411894,1629592000
EV01066,386016,26913,173707,396485000
EV01067,112109,5212,50449,1629592000
EV01068,362470,14792,163111,988780000
EV01069,1441841,64312,648828,767608000
EV01070,285571,17390,128507,523531000
EV01071,1645356,69697,740410,829559000
EV01072,654239,24851,294407,1629592000
EV01073,292696,14044,131713,829559000
EV01074,450964,15038,202934,1713271000
EV01075,21986,1632,9894,523531000
EV01076,98161,7440,44172,396485000
EV01077,822818,29304,370268,2153123000
EV01078,609163,23065,274123,1629592000
EV01079,156539,6696,70442,2109756000
EV01080,1006308,37402,452838,1291139000
EV01081,108386,9813,48774,301546000
EV01082,122300,7136,55035,829559000
EV01083,3241896,95585,1458853,2109756000
EV01084,317442,12716,142849,988780000
EV01085,735844,33760,331130,767608000
EV01086,309355,21213,139210,396485000
EV01087,51529,2505,23188,1713271000
EV01088,101121,9050,45504,301546000
EV01089,339549,13005,152797,988780000
EV01090,159930,11359,71969,396485000
EV01091,36442,2378,16399,767608000
EV01092,640999,36918,288450,523531000
EV01093,1978833,96375,890475,825077000
EV01094,195682,10091,88057,829559000
EV01095,354688,20731,159609,523531000
EV01096,5618963,184662,2528533,1499921000
EV01097,28645,1783,12890,767608000
EV01098,1688234,96508,759705,523531000
EV01099,655846,25235,295131,839564000
EV01100,46097,4555,20744,301546000
EV01101,3846997,140195,1731149,988780000
EV01102,489926,22052,220467,829559000
EV01103,130866,8418,58890,670362000
EV01104,1105142,41270,497314,988780000
EV01105,118595,6476,53368,829559000
EV01106,1316308,58267,592339,767608000
EV01107,159410,8869,71735,825077000
EV01108,79781,6055,35902,396485000
EV01109,231071,20466,103982,301546000
EV01110,91964,3762,41384,1713271000
EV01111,72177,6401,32479,301546000
EV01112,602419,41960,271088,396485000
EV01113,469516,18110,211282,1629592000
EV01114,305976,21288,137689,396485000
EV01115,691436,27719,311146,1629592000
EV01116,43101,2421,19395,767608000
EV01117,172551,7128,77648,839564000
EV01118,504873,17958,227193,1713271000
EV01119,565944,31467,254675,698031000
EV01120,210085,7914,94538,1290326000
EV01121,424350,29270,190957,396485000
EV01122,1714477,73554,771515,829559000
EV01123,8658007,204443,3896103,3342863000
EV01124,940059,32072,423026,1713271000
EV01125,1012809,44390,455764,829559000
EV01126,74571,4952,33557,829559000
EV01127,148170,9299,66677,670362000
EV01128,153486,6686,69069,988780000
EV01129,558406,26374,251283,767608000
EV01130,138833,12411,62475,301546000
EV01131,23771,1559,10697,767608000
EV01132,1526121,57573,686755,839564000
EV01133,71006,4547,31953,523531000
EV01134,113626,7145,51132,523531000
EV01135,2221716,98065,999772,767608000
EV01136,969912,37137,436461,988780000
EV01137,76634,4862,34485,523531000
EV01138,124428,5707,55993,1131105000
EV01139,23003,2299,10351,301546000
EV01140,55218,3386,24848,767608000
EV01141,98586,4098,44364,839564000
EV01142,110225,6992,49601,523531000
EV01143,249103,12366,112096,829559000
EV01144,565133,25419,254310,829559000
EV01145,2909715,81863,1309372,2236802000
EV01146,27606,1736,12423,767608000
EV01147,402315,23004,181042,670362000
EV01148,1001946,39285,450876,1629592000
EV01149,318199,27706,143189,301546000
EV01150,583988,34174,262794,523531000
EV01151,871516,59129,392182,396485000
EV01152,1579908,82492,710959,670362000
EV01153,443002,38375,199351,301546000
EV01154,1599643,59107,719839,988780000
EV01155,1881689,71071,846760,839564000
EV01156,1618500,59429,728325,988780000
EV01157,453299,20746,203984,767608000
EV01158,203487,8456,91569,839564000
EV01159,1055187,45867,474834,829559000
EV01160,313243,13710,140959,829559000
EV01161,102990,6852,46345,523531000
EV01162,119267,5023,53670,1713271000
EV01163,1233229,46854,554953,839564000
EV01164,1527004,54319,687152,1291139000
EV01165,306122,12621,137755,1131105000
EV01166,218532,10854,98339,767608000
EV01167,129973,8364,58488,523531000
EV01168,64290,3566,28931,1629592000
EV01169,456231,15923,205304,1499921000
EV01170,1406197,39324,632789,2618372000
EV01171,63946,5946,28776,301546000
EV01172,248011,8375,111605,2618372000
EV01173,29863,1838,13438,767608000
EV01174,208693,15749,93912,396485000
EV01175,32095,2527,14443,396485000
EV01176,1648726,57905,741927,1629592000
EV01177,134063,9807,60328,396485000
EV01178,568172,24172,255677,1629592000
EV01179,284710,20243,128120,396485000
EV01180,139976,5501,62989,988780000
EV01181,74483,2906,33518,1363095000
EV01182,1109296,48998,499183,1066847000
EV01183,93935,4322,42271,1226044000
EV01184,1324567,58657,596055,767608000
EV01185,1804663,93857,812099,670362000
EV01186,2879031,102308,1295564,1291139000
EV01187,234048,16436,105322,396485000
EV01188,503683,29444,226658,523531000
EV01189,270254,11520,121614,1629592000
EV01190,336247,11500,151311,1713271000
EV01191,3872794,99548,1742757,2618372000
EV01192,402186,16215,180984,839564000
EV01193,6781529,165428,3051688,2702051000
EV01194,240430,11068,108193,767608000
EV01195,2406059,86173,1082727,1141110000
EV01196,902353,40691,406059,767608000
EV01197,235448,16463,105952,396485000
EV01198,262880,12771,118296,1629592000
EV01199,740330,63542,333148,301546000
EV01200,675496,58501,303973,301546000
EV01201,66617,6026,29978,301546000
EV01202,60247,2777,27111,1713271000
EV01203,1395462,73401,627958,670362000
EV01204,74191,3762,33386,1499921000
EV01205,448306,39096,201738,301546000
EV01206,2125966,76254,956685,1629592000
EV01207,1339284,47552,602678,1629592000
EV01208,48994,3287,22047,670362000
EV01209,351297,16950,158084,767608000
EV01210,188415,13922,84787,396485000
EV01211,95824,3723,43121,1509926000
EV01212,340762,12595,153343,1290326000
EV01213,1176116,44791,529252,839564000
EV01214,2597060,84396,1168677,1713271000
EV01215,78034,3466,35115,839564000
EV01216,778708,29773,350419,1629592000
EV01217,333171,13285,149927,988780000
EV01218,930963,53653,418933,523531000
EV01219,229731,8270,103379,1713271000
EV01220,1172202,37875,527491,1509926000
EV01221,63624,3460,28631,829559000
EV01222,1796883,50820,808597,1818339000
EV01223,674663,29836,303598,829559000
EV01224,574615,25279,258577,829559000
EV01225,2732799,103334,1229760,839564000
EV01226,82901,3432,37306,2383633000
EV01227,1409056,42502,634075,2397200000
EV01228,29902,1840,13456,767608000
EV01229,888577,60602,399860,396485000
EV01230,110818,4752,49868,988780000
EV01231,56704,2667,25517,1713271000
EV01232,2993964,95378,1347284,2026077000
EV01233,1224536,50821,551041,1069154000
EV01234,574477,21952,258514,988780000
EV01235,207745,7807,93485,1713271000
EV01236,943748,29776,424687,2014817000
EV01237,44317,4146,19942,301546000
EV01238,256345,12443,115355,829559000
EV01239,555142,20574,249814,1141110000
EV01240,682540,25455,307143,1629592000
EV01241,1111011,59391,499955,670362000
EV01242,93714,5854,42171,523531000
EV01243,24037,1891,10817,523531000
EV01244,231661,20461,104247,301546000
EV01245,280002,10658,126001,1236049000
EV01246,669946,23084,301476,1713271000
EV01247,210361,18717,94662,301546000
EV01248,152707,6017,68718,839564000
EV01249,1338118,35245,602153,2552835000
EV01250,24500,2463,11025,301546000
EV01251,126476,5619,56914,988780000
EV01252,792170,54108,356477,396485000
EV01253,193059,9800,86877,767608000
EV01254,1179481,53221,530767,767608000
EV01255,941367,29435,423615,2153123000
EV01256,3496420,123096,1573389,1629592000
EV01257,2532651,93126,1139693,988780000
EV01258,72697,6695,32714,301546000
EV01259,370111,26136,166550,396485000
EV01260,698244,37226,314210,670362000
EV01261,43589,2442,19615,767608000
EV01262,105667,5754,47550,767608000
EV01263,287137,14260,129212,829559000
EV01264,1254853,47506,564684,839564000
EV01265,38701,2227,17416,767608000
EV01266,340833,19158,153375,670362000
EV01267,1002517,52885,451133,670362000
EV01268,168678,6482,75905,1713271000
EV01269,144057,5841,64825,2026077000
EV01270,265972,8674,119687,2383633000
EV01271,167425,12287,75341,396485000
EV01272,231864,12384,104339,767608000
EV01273,139552,6198,62798,2383633000
EV01274,29417,2350,13238,396485000
EV01275,1054720,71622,474624,396485000
EV01276,78751,4890,35438,829559000
EV01277,118587,7474,53364,670362000
EV01278,1449004,75180,652052,670362000
EV01279,594375,28818,267469,971908000
EV01280,158812,13892,71465,301546000
EV01281,391716,15364,176272,988780000
EV01282,3709879,112812,1669445,2014817000
EV01283,143973,5790,64788,988780000
EV01284,228705,13547,102917,670362000
EV01285,312326,13223,140547,1291139000
EV01286,8229146,229325,3703116,2236802000
EV01287,1223320,53495,550494,829559000
EV01288,238078,7875,107135,1607172000
EV01289,27347,2141,12306,523531000
EV01290,175786,6222,79104,2459151000
EV01291,137400,5953,61830,839564000
EV01292,804027,36870,361812,920016000
EV01293,1027258,39318,462266,839564000
EV01294,5636536,139733,2536441,2552835000
EV01295,882496,26250,397123,1818339000
EV01296,187110,13431,84200,396485000
EV01297,50939,2768,22923,767608000
EV01298,439264,19411,197669,829559000
EV01299,4606048,163574,2072722,1141110000
EV01300,59996,3231,26998,829559000
EV01301,554132,26436,249359,767608000
EV01302,2030376,71314,913669,1290326000
EV01303,196615,12095,88477,523531000
EV01304,136317,7699,61343,1629592000
EV01305,748654,51460,336894,396485000
EV01306,73731,3212,33179,839564000
EV01307,1784434,79784,802995,767608000
EV01308,81572,5429,36707,523531000
EV01309,2726987,85687,1227144,2026077000
EV01310,30133,1851,13560,767608000
EV01311,245797,17544,110608,396485000
EV01312,4398667,136074,1979400,1512311000
EV01313,1448767,55108,651945,839564000
EV01314,575810,21378,259115,1291139000
EV01315,2237414,70477,1006836,1509926000
EV01316,359673,12410,161853,1713271000
EV01317,122888,8230,55299,670362000
EV01318,194921,8641,87715,1437970000
EV01319,82001,6350,36901,396485000
EV01320,244017,21845,109808,301546000
EV01321,223788,12705,100705,1629592000
EV01322,65112,3439,29300,829559000
EV01323,1662696,95027,748213,523531000
EV01324,1925500,69893,866475,1629592000
EV01325,1793495,102553,807073,523531000
EV01326,416581,16543,187461,988780000
EV01327,88153,4018,39669,839564000
EV01328,171205,7719,77042,2026077000
EV01329,46569,3482,20956,396485000
EV01330,53163,3934,23923,396485000
EV01331,225936,10367,101671,829559000
EV01332,926578,50459,416960,670362000
EV01333,98563,6039,44353,767608000
EV01334,547429,20543,246343,988780000
EV01335,5080699,174630,2286315,1629592000
EV01336,188709,13590,84919,396485000
EV01337,157341,9746,70803,670362000
EV01338,810800,70162,364860,301546000
EV01339,710931,31580,319919,767608000
EV01340,91181,5227,41031,767608000
EV01341,142425,5644,64091,839564000
EV01342,30975,2953,13939,301546000
EV01343,166796,6586,75058,1713271000
EV01344,1019389,69597,458725,396485000
EV01345,73418,5287,33038,396485000
EV01346,59347,3836,26706,825077000
EV01347,382429,22613,172093,523531000
EV01348,1222754,35584,550239,1756388000
EV01349,103516,6206,46582,829559000
EV01350,205536,6536,92491,1828344000
EV01351,37021,3460,16659,301546000
EV01352,2423693,84938,1090662,1437970000
EV01353,83683,4204,37658,767608000
EV01354,2131050,91043,958973,829559000
EV01355,156143,11638,70264,396485000
EV01356,275350,11126,123908,839564000
EV01357,416725,12024,187526,2542830000
EV01358,351650,12119,158242,1597167000
EV01359,624908,22021,281209,1713271000
EV01360,652824,23073,293771,1713271000
EV01361,178722,7111,80425,839564000
EV01362,198025,13872,89111,396485000
EV01363,424147,29191,190866,396485000
EV01364,1659290,54456,746680,1713271000
EV01365,138820,7180,62469,1629592000
EV01366,650695,21822,292813,1713271000
EV01367,1049531,39618,472289,988780000
EV01368,430225,16760,193601,1141110000
EV01369,823508,27813,370579,1713271000
EV01370,2352322,67757,1058545,2397200000
EV01371,517676,23534,232954,829559000
EV01372,1415813,120660,637116,301546000
EV01373,190045,17053,85520,301546000
EV01374,303384,17568,136523,670362000
EV01375,123113,7112,55401,670362000
EV01376,2675119,90059,1203804,1499921000
EV01377,2729297,68355,1228184,2552835000
EV01378,235067,9383,105780,839564000
EV01379,31921,2183,14365,523531000
EV01380,114075,3640,51334,1828344000
EV01381,586828,23194,264072,839564000
EV01382,132769,6125,59746,829559000
EV01383,877978,46942,395090,698031000
EV01384,47923,2635,21565,767608000
EV01385,63039,2865,28368,1713271000
EV01386,92731,3511,41729,2236802000
EV01387,104535,7266,47041,523531000
EV01388,101907,6337,45858,670362000
EV01389,26410,1868,11885,829559000
EV01390,820409,27581,369184,1713271000
EV01391,1198787,42097,539454,1499921000
EV01392,472324,18500,212546,988780000
EV01393,1034847,88558,465681,301546000
EV01394,1065952,41488,479678,1629592000
EV01395,30142,2040,13564,829559000
EV01396,491336,18335,221101,1290326000
EV01397,474312,13771,213441,2702051000
EV01398,452645,15233,203690,2109756000
EV01399,343729,23847,154678,396485000
EV01400,121032,5329,54464,839564000
EV01401,806049,31105,362722,1629592000
EV01402,928105,35070,417647,988780000
EV01403,601494,27344,270672,1066847000
EV01404,494308,27951,222438,670362000
EV01405,2687346,100808,1209306,839564000
EV01406,1583730,42177,712679,2618372000
EV01407,1523014,54725,685356,1141110000
EV01408,54575,4129,24559,396485000
EV01409,83542,4241,37594,1629592000
EV01410,250895,12447,112903,1066847000
EV01411,1797098,120824,808694,396485000
EV01412,415178,13759,186830,1713271000
EV01413,176926,10990,79617,670362000
EV01414,25930,1844,11669,829559000
EV01415,912565,29293,410654,1363095000
EV01416,1107101,42373,498196,839564000
EV01417,611730,23774,275278,839564000
EV01418,391772,18752,176298,767608000
EV01419,934365,29256,420464,2236802000
EV01420,975884,56019,439148,523531000
EV01421,65676,3616,29554,1629592000
EV01422,38932,2237,17519,767608000
EV01423,97588,4171,43914,988780000
EV01424,1202574,45194,541159,988780000
EV01425,121640,6506,54738,1629592000
EV01426,4403400,152557,1981530,1629592000
EV01427,178885,10779,80498,523531000
EV01428,108818,5196,48968,829559000
EV01429,108685,5745,48908,1193893000
EV01430,345449,16286,155452,767608000
EV01431,1557478,51130,700865,1713271000
EV01432,661044,25522,297470,839564000
EV01433,166778,12528,75050,396485000
EV01434,112352,6469,50558,670362000
EV01435,46546,3102,20946,523531000
EV01436,3843085,123686,1729388,1713271000
EV01437,134319,5949,60444,1629592000
EV01438,169866,10152,76440,670362000
EV01439,1490924,40948,670916,1828344000
EV01440,2990860,154770,1345887,670362000
EV01441,585980,25902,263691,1629592000
EV01442,679556,23342,305800,1385265000
EV01443,1475400,53494,663930,1629592000
EV01444,334655,12096,150595,1597167000
EV01445,5845810,144180,2630614,2552835000
EV01446,2901013,100307,1305456,1437970000
EV01447,183037,9619,82366,767608000
EV01448,278121,13565,125155,767608000
EV01449,195606,10016,88023,767608000
EV01450,1564211,83349,703895,698031000
EV01451,185451,10647,83453,971908000
EV01452,284953,11163,128229,1437970000
EV01453,1798677,67939,809405,839564000
EV01454,794894,30399,357702,839564000
EV01455,1223341,65638,550503,670362000
EV01456,1153610,49941,519124,829559000
EV01457,901261,33915,405568,988780000
EV01458,1932427,110298,869592,523531000
EV01459,2104157,54977,946871,2542830000
EV01460,148224,7251,66701,1069154000
EV01461,1967425,49157,885341,2702051000
EV01462,4172808,125251,1877764,2153123000
EV01463,3111020,122106,1399959,1131105000
EV01464,49303,2938,22186,1066847000
EV01465,167207,6866,75243,988780000
EV01466,8287047,230843,3729171,1669123000
EV01467,1873403,56185,843031,2299954000
EV01468,29520,1823,13284,767608000
EV01469,1353507,57545,609078,829559000
EV01470,81334,8094,36600,301546000
EV01471,191534,7272,86190,2299954000
EV01472,937523,35764,421885,839564000
EV01473,196489,17481,88420,301546000
EV01474,1905883,99033,857647,670362000
EV01475,1959930,69169,881969,1629592000
EV01476,52624,2399,23681,839564000
EV01477,774370,45289,348466,523531000
EV01478,2421441,94765,1089648,1131105000
EV01479,2806684,103182,1263008,988780000
EV01480,1390230,45789,625604,1713271000
EV01481,566793,19591,255057,1713271000
EV01482,554847,24021,249681,1629592000
EV01483,1179713,42253,530871,1629592000
EV01484,512812,16155,230765,2236802000
EV01485,59359,2750,26712,1713271000
EV01486,1055010,60531,474755,523531000
EV01487,56984,4015,25643,670362000
EV01488,119395,5455,53728,1629592000
EV01489,654236,30318,294406,971908000
EV01490,283896,19929,127753,396485000
EV01491,550636,26685,247786,767608000
EV01492,811459,31568,365156,839564000
EV01493,4981104,185688,2241497,839564000
EV01494,1325149,49648,596317,1226044000
EV01495,164135,12010,73861,396485000
EV01496,1065259,47929,479366,767608000
EV01497,166719,12076,75024,396485000
EV01498,101370,5439,45617,825077000
EV01499,780026,29830,351012,839564000
EV01500,96499,8948,43424,301546000
EV01501,313150,9339,140917,2236802000
EV01502,188643,6554,84889,2459151000
EV01503,863009,34332,388354,1629592000
EV01504,2602606,68029,1171173,2618372000
EV01505,319722,12525,143875,839564000
EV01506,7884477,268445,3548015,1629592000
EV01507,654298,19153,294434,2618372000
EV01508,462265,22052,208019,1066847000
EV01509,62238,3391,28007,1131105000
EV01510,1486411,52062,668885,1353090000
EV01511,226008,11719,101704,767608000
EV01512,1363317,42260,613492,1659142000
EV01513,1607062,58966,723178,1629592000
EV01514,1205791,38388,542606,1512311000
EV01515,133542,5322,60094,839564000
EV01516,1643193,111102,739437,396485000
EV01517,4153876,166171,1869244,1069154000
EV01518,387034,12058,174165,1669123000
EV01519,237848,9630,107031,988780000
EV01520,798467,37999,359310,971908000
EV01521,2247530,71589,1011388,1363095000
EV01522,307110,26660,138199,301546000
EV01523,587847,20025,264531,1713271000
EV01524,246880,12062,111096,767608000
EV01525,136385,6122,61373,988780000
EV01526,108338,6387,48752,670362000
EV01527,3410653,109626,1534794,1713271000
EV01528,292838,17048,131777,670362000
EV01529,93775,3876,42199,988780000
EV01530,227315,20127,102292,301546000
EV01531,28092,2261,12641,396485000
EV01532,1167940,39331,525573,1713271000
EV01533,198905,8438,89507,988780000
EV01534,2426538,80235,1091942,1385265000
EV01535,772002,53083,347401,396485000
EV01536,113194,6160,50937,1629592000
EV01537,248686,10041,111909,839564000
EV01538,2677343,76996,1204804,2459151000
EV01539,81756,5281,36790,829559000
EV01540,667002,26135,300151,839564000
EV01541,2646746,98951,1191036,839564000
EV01542,844715,25340,380122,1756388000
EV01543,1747584,64728,786413,988780000
EV01544,412542,35981,185644,301546000
EV01545,21588,2161,9714,301546000
EV01546,529787,14081,238404,2552835000
EV01547,300364,10820,135164,2469156000
EV01548,67508,3585,30379,1131105000
EV01549,123453,6092,55554,767608000
EV01550,656268,25316,295321,988780000
EV01551,44140,2792,19863,1629592000
EV01552,180807,13061,81363,670362000
EV01553,3468302,151944,1560736,767608000
EV01554,10893816,295224,4902217,2383633000
EV01555,1847689,49127,831460,2618372000
EV01556,410711,24248,184820,523531000
EV01557,94083,3847,42337,1290326000
EV01558,257918,12548,116063,1629592000
EV01559,361271,14697,162572,988780000
EV01560,424456,36895,191005,301546000
EV01561,184162,10863,82873,523531000
EV01562,2390250,89988,1075612,839564000
EV01563,68898,5004,31004,670362000
EV01564,2006898,65304,903104,1713271000
EV01565,654952,24863,294728,988780000
EV01566,240253,14335,108114,523531000
EV01567,4331253,121284,1949064,1756388000
EV01568,1559606,57091,701823,1629592000
EV01569,1955297,67753,879884,1353090000
EV01570,146131,6458,65759,988780000
EV01571,692982,22428,311842,1509926000
EV01572,58312,5352,26240,301546000
EV01573,222460,10606,100107,829559000
EV01574,813400,29753,366030,1629592000
EV01575,28162,1761,12673,767608000
EV01576,3379435,131337,1520746,1131105000
EV01577,4857659,167006,2185947,1629592000
EV01578,68365,3536,30764,767608000
EV01579,2495088,87525,1122790,1629592000
EV01580,66170,4138,29777,670362000
EV01581,199887,17976,89949,301546000
EV01582,1536680,56901,691506,988780000
EV01583,4813446,166347,2166050,1629592000
EV01584,3398803,104851,1529461,1512311000
EV01585,303192,21353,136436,396485000
EV01586,495474,43119,222963,301546000
EV01587,851380,37159,383121,829559000
EV01588,53158,3132,23921,767608000
EV01589,768581,25549,345861,1713271000
EV01590,64273,3214,28923,2153123000
EV01591,192043,9207,86419,920016000
EV01592,3658969,113510,1646536,2026077000
EV01593,1937332,73161,871799,839564000
EV01594,217498,6583,97874,1828344000
EV01595,203769,17911,91696,301546000
EV01596,2316025,80984,1042211,1290326000
EV01597,201782,8013,90802,839564000
EV01598,671252,29122,302063,829559000
EV01599,85632,8047,38534,301546000
EV01600,176244,12533,79310,396485000
EV01601,3229749,118226,1453387,988780000
EV01602,976381,36649,439372,988780000
EV01603,54829,2483,24673,839564000
EV01604,1007137,68729,453212,396485000
EV01605,183749,10004,82687,767608000
EV01606,441608,17788,198724,839564000
EV01607,782860,53649,352287,396485000
EV01608,100515,7204,45232,396485000
EV01609,60951,3882,27428,670362000
EV01610,723457,25315,325556,1713271000
EV01611,133859,5285,60237,988780000
EV01612,1343319,59023,604493,767608000
EV01613,22541,1795,10143,523531000
EV01614,949107,34983,427098,1629592000
EV01615,359462,20923,161758,523531000
EV01616,24779,2093,11150,670362000
EV01617,57010,3442,25654,767608000
EV01618,23459,2023,10557,670362000
EV01619,1559826,67057,701922,829559000
EV01620,88414,5670,39786,523531000
EV01621,282076,12994,126934,1164093000
EV01622,44120,2840,19854,523531000
EV01623,92676,3846,41704,839564000
EV01624,1673606,71538,753123,829559000
EV01625,492009,19192,221404,839564000
EV01626,20712,1556,9320,523531000
EV01627,71732,5728,32279,670362000
EV01628,87766,4385,39495,1629592000
EV01629,278012,17443,125105,523531000
EV01630,2458598,111721,1106369,971908000
EV01631,280876,9838,126394,2026077000
EV01632,2077679,70379,934955,1236049000
EV01633,63123,5751,28405,301546000
EV01634,301746,13476,135786,1629592000
EV01635,2635638,110911,1186037,829559000
EV01636,523449,28703,235552,670362000
EV01637,1755397,49555,789929,1818339000
EV01638,461164,32009,207524,396485000
EV01639,84543,6002,38044,396485000
EV01640,99647,4784,44841,1629592000
EV01641,165527,9269,74487,829559000
EV01642,1390074,52884,625533,839564000
EV01643,1400636,52987,630286,839564000
EV01644,2001343,74094,900604,988780000
EV01645,592772,50993,266747,301546000
EV01646,38230,2932,17204,396485000
EV01647,781850,29754,351833,839564000
EV01648,4356504,150517,1960427,1629592000
EV01649,315501,11037,141976,1713271000
EV01650,455448,16813,204951,1713271000
EV01651,182704,7682,82217,988780000
EV01652,2485556,129492,1118500,670362000
EV01653,130199,6708,58589,1066847000
EV01654,1137909,31071,512059,2480879000
EV01655,1578684,52589,710408,1713271000
EV01656,121020,5432,54459,839564000
EV01657,543732,21515,244679,1629592000
EV01658,2521934,88153,1134870,1629592000
EV01659,153063,5868,68879,2153123000
EV01660,990069,56867,445531,523531000
EV01661,530135,29948,238561,698031000
EV01662,396868,23305,178591,523531000
EV01663,106614,4664,47976,988780000
EV01664,4116231,120748,1852304,2109756000
EV01665,825207,26999,371343,1713271000
EV01666,409024,18321,184061,829559000
EV01667,915570,30498,412007,1713271000
EV01668,577347,49823,259806,301546000
EV01669,246601,10113,110971,988780000
EV01670,1973540,73979,888093,839564000
EV01671,182685,6124,82208,1512311000
EV01672,91753,4196,41289,839564000
EV01673,480155,26578,216070,670362000
EV01674,412684,28607,185708,396485000
EV01675,29141,2042,13113,523531000
EV01676,1093009,58856,491854,670362000
EV01677,403662,13964,181648,2014817000
EV01678,1884047,69486,847821,988780000
EV01679,360828,13199,162372,1629592000
EV01680,435496,15034,195973,1385265000
EV01681,184391,6540,82976,1713271000
EV01682,1658061,87863,746127,670362000
EV01683,166554,6519,74949,839564000
EV01684,43504,2806,19577,523531000
EV01685,90297,3760,40634,839564000
EV01686,161612,6030,72726,1669123000
EV01687,837701,32124,376966,988780000
EV01688,30782,2124,13852,523531000
EV01689,241593,8280,108717,2236802000
EV01690,110875,9978,49894,301546000
EV01691,2075647,75867,934041,1629592000
EV01692,499804,19167,224912,839564000
EV01693,155212,5661,69846,1713271000
EV01694,107620,4153,48429,1597167000
EV01695,1022757,28712,460241,2469156000
EV01696,1951613,68850,878226,1629592000
EV01697,1372529,52144,617638,839564000
EV01698,273803,24287,123211,301546000
EV01699,105009,5506,47254,1066847000
EV01700,2763744,89422,1243685,1713271000
EV01701,46372,2883,20867,1629592000
EV01702,63749,3546,28687,1629592000
EV01703,89294,3236,40182,1607172000
EV01704,4910132,153649,2209560,2026077000
EV01705,234902,14119,105706,523531000
EV01706,890761,51426,400842,523531000
EV01707,341058,23674,153476,396485000
EV01708,2018272,75875,908223,839564000
EV01709,499959,27820,224981,670362000
EV01710,790163,68001,355573,301546000
EV01711,1205639,39566,542538,1713271000
EV01712,363202,31651,163441,301546000
EV01713,5844066,199337,2629830,1629592000
EV01714,237399,14458,106830,670362000
EV01715,322530,11366,145138,1597167000
EV01716,3023032,104835,1360364,1290326000
EV01717,53705,4835,24167,301546000
EV01718,661517,29308,297683,1066847000
EV01719,1326991,48852,597146,1291139000
EV01720,1172414,40773,527587,1931138000
EV01721,191189,11218,86035,670362000
EV01722,62502,3499,28126,1629592000
EV01723,856165,38642,385274,767608000
EV01724,266624,13232,119981,767608000
EV01725,682508,25376,307129,1499921000
EV01726,1327825,36831,597521,1828344000
EV01727,59697,3395,26864,1629592000
EV01728,735163,27896,330823,839564000
EV01729,1508064,43579,678629,1818339000
EV01730,1186513,51856,533931,829559000
EV01731,2074928,68889,933718,1385265000
EV01732,50482,2318,22717,839564000
EV01733,1122779,47953,505251,829559000
EV01734,540424,24265,243191,829559000
EV01735,22109,1639,9949,523531000
EV01736,4850890,155205,2182901,1713271000
EV01737,1507323,81249,678295,698031000
EV01738,664019,57074,298808,301546000
EV01739,156079,6951,70236,839564000
EV01740,937687,40739,421959,829559000
EV01741,491628,15633,221232,1659142000
EV01742,437909,16164,197059,1629592000
EV01743,798562,43863,359353,670362000
EV01744,67511,3550,30380,1069154000
EV01745,95230,4022,42854,1597167000
EV01746,1950947,75605,877926,1164093000
EV01747,202042,8202,90919,1290326000
EV01748,883371,29734,397517,1713271000
EV01749,74910,3832,33710,829559000
EV01750,9058715,288668,4076422,1713271000
EV01751,200459,8770,90207,988780000
EV01752,93481,3999,42066,839564000
EV01753,152622,13815,68680,301546000
EV01754,2313711,74334,1041170,2026077000
EV01755,680686,36358,306309,670362000
EV01756,162159,5663,72971,1509926000
EV01757,63457,5643,28556,301546000
EV01758,60780,2714,27351,988780000
EV01759,41284,3810,18578,301546000
EV01760,24978,1617,11240,767608000
EV01761,1086028,34747,488712,2153123000
EV01762,2425714,89482,1091572,988780000
EV01763,31067,2139,13980,523531000
EV01764,974428,36559,438493,988780000
EV01765,2201295,92630,990583,829559000
EV01766,396070,15909,178231,1141110000
EV01767,1898833,65306,854475,1931138000
EV01768,485220,15701,218349,1818339000
EV01769,262449,10777,118102,1931138000
EV01770,319998,12850,143999,1141110000
EV01771,180973,8962,81438,1629592000
EV01772,24856,2442,11185,301546000
EV01773,114392,7288,51477,670362000
EV01774,69408,5316,31234,396485000
EV01775,416185,22984,187283,698031000
EV01776,1011704,37734,455267,988780000
EV01777,107865,5736,48539,825077000
EV01778,82263,6084,37018,396485000
EV01779,244224,21683,109901,301546000
EV01780,57666,3136,25950,829559000
EV01781,694675,37681,312604,670362000
EV01782,1679898,54353,755954,1713271000
EV01783,261885,11847,117848,1629592000
EV01784,56836,3580,25576,1629592000
EV01785,2846578,146315,1280960,670362000
EV01786,1204618,42173,542078,1437970000
EV01787,212524,11433,95636,829559000
EV01788,226700,19809,102015,301546000
EV01789,76381,5231,34371,523531000
EV01790,2248756,119996,1011940,698031000
EV01791,49845,2293,22430,839564000
EV01792,1439294,61309,647682,829559000
EV01793,28058,2156,12626,523531000
EV01794,77570,4029,34907,1629592000
EV01795,173733,16044,78180,301546000
EV01796,194463,11867,87508,670362000
EV01797,191128,7867,86008,839564000
EV01798,389862,15871,175438,839564000
EV01799,1403086,44543,631389,1659142000
EV01800,181877,9381,81845,767608000
EV01801,125257,5983,56365,1629592000
EV01802,302226,17280,136002,670362000
EV01803,33490,2001,15070,767608000
EV01804,88131,3572,39659,1597167000
EV01805,983090,27286,442391,2618372000
EV01806,87833,5065,39525,767608000
EV01807,4739090,162880,2132591,1629592000
EV01808,201980,18217,90891,301546000
EV01809,629522,18142,283285,2618372000
EV01810,40557,2409,18251,920016000
EV01811,77762,3653,34993,2153123000
EV01812,495734,17451,223080,1713271000
EV01813,1389947,45793,625476,1713271000
EV01814,134490,4485,60520,1607172000
EV01815,253650,11933,114142,1629592000
EV01816,551430,37627,248144,396485000
EV01817,268510,8832,120829,1363095000
EV01818,397633,18882,178935,829559000
EV01819,78474,3876,35313,1713271000
EV01820,1628665,138862,732899,301546000
EV01821,2415543,53818,1086994,4123671000
EV01822,1680073,44006,756033,2426750000
EV01823,1150621,30556,517779,2426750000
EV01824,541248,13416,243562,4123671000
EV01825,705133,17244,317310,3750290000
EV01826,2370735,53466,1066831,3750290000
EV01827,1817828,40997,818022,4123671000
EV01828,5942127,130033,2673957,3750290000
EV01829,4912760,108060,2210742,3750290000
EV01830,7156178,155633,3220280,3750290000
EV01831,3214135,83491,1446361,2426750000
EV01832,4096772,91535,1843548,3750290000
EV01833,9572888,205540,4307800,4123671000
EV01834,2338218,60433,1052198,2426750000
EV01835,1591295,42013,716083,2426750000
EV01836,546848,13476,246082,3750290000
EV01837,787398,19229,354329,4123671000
EV01838,1852454,41889,833604,3750290000
EV01839,1090366,29642,490665,2426750000
EV01840,1553625,36073,699131,3750290000
EV01841,746442,21335,335899,2426750000
EV01842,403791,11990,181706,2426750000
EV01843,6590134,144714,2965560,3750290000
EV01844,1951982,51547,878392,2426750000
EV01845,1578645,35729,710390,4123671000
EV01846,762294,18984,343032,4123671000
EV01847,1786095,47442,803743,2426750000
EV01848,2634018,68472,1185308,2426750000
EV01849,967815,26156,435517,2426750000
EV01850,3710598,82026,1669769,4123671000
EV01851,1886668,49895,849001,2426750000
EV01852,10606264,226651,4772819,4123671000
EV01853,1197612,28173,538925,3750290000
EV01854,657067,17743,295680,2426750000
EV01855,11409471,243262,5134262,4123671000
EV01856,1290408,34711,580684,2426750000
EV01857,954458,23085,429506,4123671000
EV01858,2409218,54346,1084148,3750290000
EV01859,7461318,159813,3357593,4123671000
EV01860,800296,19929,360133,3750290000
EV01861,4166775,106163,1875049,2426750000
EV01862,1351799,35599,608309,2426750000
EV01863,504206,12559,226893,3750290000
EV01864,4538128,100043,2042158,4123671000
EV01865,557073,15677,250683,2426750000
EV01866,1415178,33487,636830,3750290000
EV01867,8438694,182241,3797412,4123671000
EV01868,1843609,42439,829624,4123671000
EV01869,1540728,35695,693328,4123671000
EV01870,1238846,33030,557481,2426750000
EV01871,5547107,120908,2496198,4123671000
EV01872,7889361,170845,3550212,3750290000
EV01873,3817036,85812,1717666,3750290000
EV01874,613109,16974,275899,2426750000
EV01875,2643897,59309,1189754,3750290000
EV01876,3899569,99143,1754806,2426750000
EV01877,8221703,175427,3699766,4123671000
EV01878,2597329,58146,1168798,3750290000
EV01879,2716510,70136,1222429,2426750000
EV01880,2452973,55848,1103838,3750290000
EV01881,1919464,43978,863759,3750290000
EV01882,689955,16577,310480,4123671000
EV01883,2283153,51347,1027419,4123671000
EV01884,576552,14170,259448,4123671000
EV01885,969084,26133,436088,2426750000
EV01886,457158,11550,205721,3750290000
EV01887,10719209,229150,4823644,4123671000
EV01888,4683251,101599,2107463,4123671000
EV01889,1651423,43851,743140,2426750000
EV01890,975390,23392,438926,3750290000
EV01891,2000567,45212,900255,4123671000
EV01892,4173162,106441,1877923,2426750000
EV01893,2162601,49420,973170,4123671000
EV01894,4503699,99494,2026665,4123671000
EV01895,3360432,86264,1512194,2426750000
EV01896,3313839,72985,1491228,4123671000
EV01897,3510409,78280,1579684,4123671000
EV01898,5444490,120243,2450020,3750290000
EV01899,2086317,46628,938843,4123671000
EV01900,1282050,29747,576923,3750290000
EV01901,514243,12775,231409,3750290000
EV01902,889198,21595,400139,3750290000
EV01903,2695817,60917,1213118,4123671000
EV01904,1493960,34890,672282,3750290000
EV01905,1111126,30357,500007,2426750000
EV01906,263453,7882,118554,2426750000
EV01907,3487497,89983,1569374,2426750000
EV01908,1780161,46748,801073,2426750000
EV01909,5875333,127710,2643900,4123671000
EV01910,3202799,71326,1441260,3750290000
EV01911,7544085,162144,3394838,4123671000
EV01912,768908,18456,346009,4123671000
EV01913,815387,22304,366924,2426750000
EV01914,749765,17839,337394,4123671000
EV01915,4632397,102213,2084578,3750290000
EV01916,724505,17909,326027,4123671000
EV01917,3262385,72629,1468073,3750290000
EV01918,527134,13486,237210,3750290000
EV01919,781696,18862,351763,3750290000
EV01920,876886,24113,394598,2426750000
EV01921,426072,10868,191732,3750290000
EV01922,4823819,122733,2170719,2426750000
EV01923,951375,22059,428119,3750290000
EV01924,4530160,99409,2038572,4123671000
EV01925,1893488,43098,852070,4123671000
EV01926,1620805,38216,729362,3750290000
EV01927,717413,17120,322836,3750290000
EV01928,5745820,125579,2585619,3750290000
EV01929,3698645,81194,1664390,4123671000
EV01930,428543,12356,192844,2426750000
EV01931,695921,19397,313165,2426750000
EV01932,352847,10292,158781,2426750000
EV01933,514977,12853,231740,4123671000
EV01934,3200498,71440,1440224,4123671000
EV01935,2014442,45918,906499,4123671000
EV01936,4539798,115608,2042909,2426750000
EV01937,1211907,28458,545358,4123671000
EV01938,1086368,26085,488866,3750290000
EV01939,1193095,28265,536893,4123671000
EV01940,4647206,117810,2091243,2426750000
EV01941,7149640,154580,3217338,4123671000
EV01942,5646587,123320,2540964,3750290000
EV01943,2738008,61239,1232104,3750290000
EV01944,5531813,119993,2489316,4123671000
EV01945,1319716,31022,593872,4123671000
EV01946,556261,15891,250317,2426750000
EV01947,845371,20356,380417,4123671000
EV01948,5086094,111506,2288742,3750290000
EV01949,989881,27007,445446,2426750000
EV01950,2709369,69778,1219216,2426750000
EV01951,594441,14954,267498,3750290000
EV01952,946593,25747,425967,2426750000
EV01953,1336439,31975,601397,3750290000
EV01954,3061247,69446,1377561,3750290000
EV01955,2022273,46381,910023,3750290000
EV01956,2876752,63703,1294538,4123671000
EV01957,1756560,39720,790452,4123671000
EV01958,1434145,38452,645365,2426750000
EV01959,701250,16835,315562,4123671000
EV01960,1049449,24728,472252,4123671000
EV01961,1931340,43965,869103,3750290000
EV01962,1936127,44461,871257,3750290000
EV01963,1568828,41249,705973,2426750000
EV01964,2482750,64437,1117237,2426750000
EV01965,2297790,59568,1034006,2426750000
EV01966,2056657,46121,925495,3750290000
EV01967,570609,14487,256774,3750290000
EV01968,2782037,62141,1251916,4123671000
EV01969,2079041,53932,935569,2426750000
EV01970,3973553,87119,1788099,4123671000
EV01971,2528331,65641,1137749,2426750000
EV01972,7322226,157932,3295002,4123671000
EV01973,1064240,28662,478908,2426750000
EV01974,1437306,37607,646788,2426750000
EV01975,619342,15514,278704,4123671000
EV01976,2274498,51257,1023524,3750290000
EV01977,1997514,52178,898881,2426750000
EV01978,3784999,82785,1703249,4123671000
EV01979,401154,10362,180519,3750290000
EV01980,467440,11768,210348,3750290000
EV01981,5627143,142364,2532214,2426750000
EV01982,2472029,64545,1112413,2426750000
EV01983,2289524,51923,1030286,3750290000
EV01984,1429791,37881,643406,2426750000
EV01985,573243,14099,257959,4123671000
EV01986,8380930,180419,3771419,4123671000
EV01987,1181732,32157,531779,2426750000
EV01988,4187224,107167,1884251,2426750000
EV01989,2599606,58331,1169823,3750290000
EV01990,542801,13389,244260,3750290000
EV01991,7450856,160369,3352885,4123671000
EV01992,3444702,76743,1550116,3750290000
EV01993,2583924,66802,1162766,2426750000
EV01994,1253009,29109,563854,3750290000
EV01995,5208447,113371,2343801,4123671000
EV01996,4845222,106599,2180350,3750290000
EV01997,2193906,50480,987258,3750290000
EV01998,629658,17025,283346,2426750000
EV01999,4846568,105116,2180956,4123671000
EV02000,2546224,57457,1145801,3750290000
